Order_ID,Date,Product,City,Quantity,Unit_Price,Category,Revenue,Profit
ORD0001,2025-01-01 00:00:00.000000000,Tablet,Pune,4,29102,Electronics,116408,11897.72
ORD0002,2025-01-01 08:44:41.081081081,Keyboard,Kochi,3,51899,Accessories,155697,42220.0
ORD0003,2025-01-01 17:29:22.162162162,Mouse,Bengaluru,5,23972,Accessories,119860,27565.97
ORD0004,2025-01-02 02:14:03.243243243,Tablet,Bengaluru,1,49730,Electronics,49730,5213.94
ORD0005,2025-01-02 10:58:44.324324324,Headphones,Bengaluru,5,74116,Accessories,370580,98298.71
ORD0006,2025-01-02 19:43:25.405405405,Smartwatch,Delhi,1,7599,Wearables,7599,1012.88
ORD0007,2025-01-03 04:28:06.486486486,Mouse,Mumbai,2,25931,Accessories,51862,9605.73
ORD0008,2025-01-03 13:12:47.567567567,Mouse,Delhi,1,56992,Accessories,56992,6379.87
ORD0009,2025-01-03 21:57:28.648648648,Tablet,Mumbai,4,48184,Electronics,192736,45528.91
ORD0010,2025-01-04 06:42:09.729729729,Smartphone,Tirupati,3,30611,Electronics,91833,20819.27
ORD0011,2025-01-04 15:26:50.810810810,Headphones,Delhi,2,64436,Accessories,128872,16295.19
ORD0012,2025-01-05 00:11:31.891891891,Tablet,Delhi,1,23114,Electronics,23114,6239.58
ORD0013,2025-01-05 08:56:12.972972973,Headphones,Pune,5,42491,Accessories,212455,35753.48
ORD0014,2025-01-05 17:40:54.054054054,Headphones,Chennai,2,70976,Accessories,141952,20491.24
ORD0015,2025-01-06 02:25:35.135135135,Smartwatch,Delhi,2,61420,Wearables,122840,13943.88
ORD0016,2025-01-06 11:10:16.216216216,Mouse,Pune,1,64030,Accessories,64030,8871.8
ORD0017,2025-01-06 19:54:57.297297297,Keyboard,Hyderabad,2,36724,Accessories,73448,6231.76
ORD0018,2025-01-07 04:39:38.378378378,Smartwatch,Chennai,5,8288,Wearables,41440,8632.64
ORD0019,2025-01-07 13:24:19.459459459,Smartwatch,Tirupati,2,28582,Wearables,57164,15165.08
ORD0020,2025-01-07 22:09:00.540540540,Headphones,Delhi,5,77316,Accessories,386580,77615.87
ORD0021,2025-01-08 06:53:41.621621621,Monitor,Kochi,1,17031,Electronics,17031,2184.06
ORD0022,2025-01-08 15:38:22.702702702,Mouse,Bengaluru,3,45357,Accessories,136071,11893.59
ORD0023,2025-01-09 00:23:03.783783783,Smartphone,Hyderabad,2,10642,Electronics,21284,2707.71
ORD0024,2025-01-09 09:07:44.864864864,Smartwatch,Hyderabad,3,48855,Wearables,146565,25142.74
ORD0025,2025-01-09 17:52:25.945945946,Keyboard,Tirupati,5,10366,Accessories,51830,12807.95
ORD0026,2025-01-10 02:37:07.027027027,Monitor,Pune,2,70567,Electronics,141134,17123.14
ORD0027,2025-01-10 11:21:48.108108108,Monitor,Hyderabad,4,64527,Electronics,258108,61521.11
ORD0028,2025-01-10 20:06:29.189189189,Smartphone,Chennai,3,58406,Electronics,175218,47435.96
ORD0029,2025-01-11 04:51:10.270270270,Smartwatch,Delhi,2,28638,Wearables,57276,10302.14
ORD0030,2025-01-11 13:35:51.351351351,Keyboard,Delhi,3,30456,Accessories,91368,23821.01
ORD0031,2025-01-11 22:20:32.432432432,Mouse,Kochi,2,76795,Accessories,153590,31028.96
ORD0032,2025-01-12 07:05:13.513513513,Laptop,Tirupati,1,5939,Electronics,5939,1307.53
ORD0033,2025-01-12 15:49:54.594594594,Keyboard,Bengaluru,3,47741,Accessories,143223,28040.38
ORD0034,2025-01-13 00:34:35.675675675,Smartphone,Pune,4,43033,Electronics,172132,31310.47
ORD0035,2025-01-13 09:19:16.756756756,Monitor,Bengaluru,4,28770,Electronics,115080,15147.26
ORD0036,2025-01-13 18:03:57.837837837,Mouse,Hyderabad,5,79315,Accessories,396575,58178.62
ORD0037,2025-01-14 02:48:38.918918919,Keyboard,Tirupati,2,39779,Accessories,79558,11439.92
ORD0038,2025-01-14 11:33:20.000000000,Laptop,Kochi,3,24388,Electronics,73164,14919.86
ORD0039,2025-01-14 20:18:01.081081081,Laptop,Bengaluru,5,18130,Electronics,90650,9644.24
ORD0040,2025-01-15 05:02:42.162162162,Headphones,Chennai,3,61563,Accessories,184689,52025.81
ORD0041,2025-01-15 13:47:23.243243243,Headphones,Delhi,2,35644,Accessories,71288,17005.33
ORD0042,2025-01-15 22:32:04.324324324,Tablet,Hyderabad,4,52661,Electronics,210644,35455.18
ORD0043,2025-01-16 07:16:45.405405405,Smartphone,Kochi,1,77860,Electronics,77860,8945.9
ORD0044,2025-01-16 16:01:26.486486486,Smartwatch,Bengaluru,4,51479,Wearables,205916,56428.87
ORD0045,2025-01-17 00:46:07.567567567,Keyboard,Pune,5,7479,Accessories,37395,9768.74
ORD0046,2025-01-17 09:30:48.648648648,Keyboard,Chennai,1,26689,Accessories,26689,6372.77
ORD0047,2025-01-17 18:15:29.729729729,Smartwatch,Chennai,5,43100,Wearables,215500,30114.05
ORD0048,2025-01-18 03:00:10.810810810,Tablet,Bengaluru,2,60060,Electronics,120120,20244.82
ORD0049,2025-01-18 11:44:51.891891892,Monitor,Delhi,1,78540,Electronics,78540,8058.57
ORD0050,2025-01-18 20:29:32.972972973,Monitor,Bengaluru,5,62058,Electronics,310290,37727.76
ORD0051,2025-01-19 05:14:14.054054054,Tablet,Hyderabad,2,7410,Electronics,14820,3738.55
ORD0052,2025-01-19 13:58:55.135135135,Monitor,Bengaluru,4,58213,Electronics,232852,55257.76
ORD0053,2025-01-19 22:43:36.216216216,Headphones,Chennai,2,47357,Accessories,94714,19943.63
ORD0054,2025-01-20 07:28:17.297297297,Keyboard,Kochi,3,35464,Accessories,106392,29476.95
ORD0055,2025-01-20 16:12:58.378378378,Tablet,Bengaluru,2,25727,Electronics,51454,10718.83
ORD0056,2025-01-21 00:57:39.459459459,Keyboard,Delhi,2,6478,Accessories,12956,2367.49
ORD0057,2025-01-21 09:42:20.540540540,Smartwatch,Tirupati,3,17653,Wearables,52959,8202.37
ORD0058,2025-01-21 18:27:01.621621621,Laptop,Kochi,5,60265,Electronics,301325,86449.74
ORD0059,2025-01-22 03:11:42.702702702,Headphones,Pune,5,39571,Accessories,197855,19428.85
ORD0060,2025-01-22 11:56:23.783783783,Mouse,Mumbai,2,70019,Accessories,140038,39882.15
ORD0061,2025-01-22 20:41:04.864864865,Headphones,Bengaluru,3,10003,Accessories,30009,7858.67
ORD0062,2025-01-23 05:25:45.945945946,Tablet,Delhi,3,61203,Electronics,183609,19937.11
ORD0063,2025-01-23 14:10:27.027027027,Mouse,Kochi,4,64879,Accessories,259516,53018.23
ORD0064,2025-01-23 22:55:08.108108108,Laptop,Delhi,5,58366,Electronics,291830,78981.03
ORD0065,2025-01-24 07:39:49.189189189,Tablet,Pune,1,17405,Electronics,17405,3581.91
ORD0066,2025-01-24 16:24:30.270270270,Smartphone,Chennai,5,46338,Electronics,231690,64776.81
ORD0067,2025-01-25 01:09:11.351351351,Keyboard,Delhi,5,58779,Accessories,293895,84482.01
ORD0068,2025-01-25 09:53:52.432432432,Laptop,Kochi,4,27306,Electronics,109224,18887.52
ORD0069,2025-01-25 18:38:33.513513513,Keyboard,Delhi,1,45500,Accessories,45500,7416.91
ORD0070,2025-01-26 03:23:14.594594594,Monitor,Delhi,4,22668,Electronics,90672,25931.34
ORD0071,2025-01-26 12:07:55.675675675,Smartphone,Delhi,1,70619,Electronics,70619,16138.62
ORD0072,2025-01-26 20:52:36.756756756,Smartphone,Hyderabad,2,39214,Electronics,78428,8276.11
ORD0073,2025-01-27 05:37:17.837837838,Laptop,Hyderabad,1,54593,Electronics,54593,4875.38
ORD0074,2025-01-27 14:21:58.918918919,Smartphone,Chennai,4,55919,Electronics,223676,45678.75
ORD0075,2025-01-27 23:06:40.000000000,Mouse,Bengaluru,5,49645,Accessories,248225,70654.17
ORD0076,2025-01-28 07:51:21.081081081,Smartphone,Delhi,1,77925,Electronics,77925,20707.38
ORD0077,2025-01-28 16:36:02.162162162,Keyboard,Pune,1,78311,Accessories,78311,17908.67
ORD0078,2025-01-29 01:20:43.243243243,Keyboard,Bengaluru,3,2961,Accessories,8883,982.51
ORD0079,2025-01-29 10:05:24.324324324,Tablet,Pune,5,14791,Electronics,73955,10052.77
ORD0080,2025-01-29 18:50:05.405405405,Keyboard,Bengaluru,2,47304,Accessories,94608,25791.32
ORD0081,2025-01-30 03:34:46.486486486,Tablet,Chennai,4,77471,Electronics,309884,37253.51
ORD0082,2025-01-30 12:19:27.567567567,Keyboard,Delhi,2,65446,Accessories,130892,18489.37
ORD0083,2025-01-30 21:04:08.648648648,Mouse,Delhi,5,61832,Accessories,309160,33547.61
ORD0084,2025-01-31 05:48:49.729729730,Smartwatch,Mumbai,1,78294,Wearables,78294,17909.27
ORD0085,2025-01-31 14:33:30.810810811,Tablet,Pune,1,31341,Electronics,31341,9016.06
ORD0086,2025-01-31 23:18:11.891891892,Headphones,Bengaluru,5,49258,Accessories,246290,34276.91
ORD0087,2025-02-01 08:02:52.972972973,Monitor,Bengaluru,1,76772,Electronics,76772,14171.3
ORD0088,2025-02-01 16:47:34.054054054,Laptop,Tirupati,1,38143,Electronics,38143,8374.48
ORD0089,2025-02-02 01:32:15.135135135,Keyboard,Tirupati,1,50908,Accessories,50908,15266.42
ORD0090,2025-02-02 10:16:56.216216216,Smartphone,Hyderabad,4,44450,Electronics,177800,18323.67
ORD0091,2025-02-02 19:01:37.297297297,Smartwatch,Mumbai,4,57349,Wearables,229396,43513.11
ORD0092,2025-02-03 03:46:18.378378378,Keyboard,Kochi,3,28544,Accessories,85632,14105.85
ORD0093,2025-02-03 12:30:59.459459459,Smartphone,Tirupati,2,16497,Electronics,32994,8924.23
ORD0094,2025-02-03 21:15:40.540540540,Monitor,Kochi,5,24411,Electronics,122055,22545.13
ORD0095,2025-02-04 06:00:21.621621621,Monitor,Hyderabad,5,56033,Electronics,280165,29253.44
ORD0096,2025-02-04 14:45:02.702702703,Monitor,Hyderabad,5,15071,Electronics,75355,16545.95
ORD0097,2025-02-04 23:29:43.783783784,Smartphone,Hyderabad,3,58441,Electronics,175323,43755.67
ORD0098,2025-02-05 08:14:24.864864865,Keyboard,Pune,4,58505,Accessories,234020,18869.94
ORD0099,2025-02-05 16:59:05.945945946,Monitor,Pune,3,59212,Electronics,177636,47778.84
ORD0100,2025-02-06 01:43:47.027027027,Mouse,Chennai,5,44041,Accessories,220205,26628.3
ORD0101,2025-02-06 10:28:28.108108108,Tablet,Chennai,2,23887,Electronics,47774,9624.32
ORD0102,2025-02-06 19:13:09.189189189,Smartphone,Hyderabad,1,49408,Electronics,49408,8472.26
ORD0103,2025-02-07 03:57:50.270270270,Smartphone,Mumbai,4,13557,Electronics,54228,12923.83
ORD0104,2025-02-07 12:42:31.351351351,Keyboard,Bengaluru,4,64528,Accessories,258112,41725.24
ORD0105,2025-02-07 21:27:12.432432432,Smartphone,Pune,3,56231,Electronics,168693,45774.49
ORD0106,2025-02-08 06:11:53.513513513,Smartphone,Mumbai,4,25358,Electronics,101432,24415.62
ORD0107,2025-02-08 14:56:34.594594594,Monitor,Delhi,5,49189,Electronics,245945,54722.0
ORD0108,2025-02-08 23:41:15.675675676,Keyboard,Pune,5,45138,Accessories,225690,57589.98
ORD0109,2025-02-09 08:25:56.756756757,Monitor,Pune,3,46986,Electronics,140958,34659.47
ORD0110,2025-02-09 17:10:37.837837838,Tablet,Chennai,5,21067,Electronics,105335,9259.63
ORD0111,2025-02-10 01:55:18.918918919,Smartwatch,Bengaluru,2,30239,Wearables,60478,10090.24
ORD0112,2025-02-10 10:40:00.000000000,Tablet,Bengaluru,3,58304,Electronics,174912,49811.02
ORD0113,2025-02-10 19:24:41.081081081,Smartwatch,Tirupati,2,4254,Wearables,8508,915.97
ORD0114,2025-02-11 04:09:22.162162162,Monitor,Kochi,1,27544,Electronics,27544,6670.09
ORD0115,2025-02-11 12:54:03.243243243,Tablet,Kochi,2,67760,Electronics,135520,39898.47
ORD0116,2025-02-11 21:38:44.324324324,Keyboard,Kochi,1,67412,Accessories,67412,6167.1
ORD0117,2025-02-12 06:23:25.405405405,Laptop,Kochi,1,9206,Electronics,9206,2118.14
ORD0118,2025-02-12 15:08:06.486486486,Monitor,Delhi,2,9394,Electronics,18788,3438.09
ORD0119,2025-02-12 23:52:47.567567567,Smartwatch,Delhi,3,18537,Wearables,55611,11534.75
ORD0120,2025-02-13 08:37:28.648648649,Mouse,Pune,5,52112,Accessories,260560,25736.84
ORD0121,2025-02-13 17:22:09.729729730,Smartwatch,Hyderabad,5,30225,Wearables,151125,13519.87
ORD0122,2025-02-14 02:06:50.810810811,Mouse,Chennai,1,6426,Accessories,6426,1456.84
ORD0123,2025-02-14 10:51:31.891891892,Smartphone,Chennai,1,9996,Electronics,9996,2610.24
ORD0124,2025-02-14 19:36:12.972972973,Tablet,Kochi,3,56947,Electronics,170841,43059.34
ORD0125,2025-02-15 04:20:54.054054054,Mouse,Pune,4,30306,Accessories,121224,24200.83
ORD0126,2025-02-15 13:05:35.135135135,Smartwatch,Tirupati,2,41821,Wearables,83642,8529.03
ORD0127,2025-02-15 21:50:16.216216216,Smartphone,Mumbai,1,65595,Electronics,65595,15176.7
ORD0128,2025-02-16 06:34:57.297297297,Laptop,Hyderabad,5,23156,Electronics,115780,15423.7
ORD0129,2025-02-16 15:19:38.378378378,Keyboard,Pune,3,55647,Accessories,166941,46816.12
ORD0130,2025-02-17 00:04:19.459459459,Keyboard,Hyderabad,2,50166,Accessories,100332,26529.62
ORD0131,2025-02-17 08:49:00.540540540,Keyboard,Hyderabad,3,39287,Accessories,117861,27822.77
ORD0132,2025-02-17 17:33:41.621621621,Mouse,Hyderabad,2,63446,Accessories,126892,36639.57
ORD0133,2025-02-18 02:18:22.702702703,Laptop,Pune,2,22227,Electronics,44454,3863.62
ORD0134,2025-02-18 11:03:03.783783784,Mouse,Kochi,1,68556,Accessories,68556,16588.09
ORD0135,2025-02-18 19:47:44.864864865,Tablet,Chennai,3,3581,Electronics,10743,1639.96
ORD0136,2025-02-19 04:32:25.945945946,Mouse,Chennai,3,34696,Accessories,104088,29075.37
ORD0137,2025-02-19 13:17:07.027027027,Laptop,Kochi,5,37235,Electronics,186175,25816.62
ORD0138,2025-02-19 22:01:48.108108108,Laptop,Hyderabad,5,25998,Electronics,129990,31128.5
ORD0139,2025-02-20 06:46:29.189189189,Tablet,Mumbai,1,77365,Electronics,77365,21127.02
ORD0140,2025-02-20 15:31:10.270270270,Laptop,Bengaluru,1,32156,Electronics,32156,2867.17
ORD0141,2025-02-21 00:15:51.351351351,Smartwatch,Pune,4,68195,Wearables,272780,45685.87
ORD0142,2025-02-21 09:00:32.432432432,Laptop,Bengaluru,5,38400,Electronics,192000,47559.93
ORD0143,2025-02-21 17:45:13.513513513,Keyboard,Tirupati,2,48201,Accessories,96402,17360.28
ORD0144,2025-02-22 02:29:54.594594594,Smartwatch,Kochi,3,19533,Wearables,58599,8133.28
ORD0145,2025-02-22 11:14:35.675675676,Smartwatch,Mumbai,1,11305,Wearables,11305,1451.08
ORD0146,2025-02-22 19:59:16.756756757,Tablet,Pune,3,36351,Electronics,109053,11879.58
ORD0147,2025-02-23 04:43:57.837837838,Headphones,Kochi,3,27332,Accessories,81996,22021.54
ORD0148,2025-02-23 13:28:38.918918919,Headphones,Hyderabad,4,63937,Accessories,255748,52831.96
ORD0149,2025-02-23 22:13:20.000000000,Laptop,Chennai,5,14444,Electronics,72220,6991.23
ORD0150,2025-02-24 06:58:01.081081081,Smartwatch,Bengaluru,1,20373,Wearables,20373,3344.59
ORD0151,2025-02-24 15:42:42.162162162,Headphones,Delhi,3,40872,Accessories,122616,19729.09
ORD0152,2025-02-25 00:27:23.243243243,Headphones,Delhi,1,15879,Accessories,15879,1905.2
ORD0153,2025-02-25 09:12:04.324324324,Laptop,Mumbai,2,37251,Electronics,74502,13098.32
ORD0154,2025-02-25 17:56:45.405405406,Headphones,Hyderabad,4,5610,Accessories,22440,3434.71
ORD0155,2025-02-26 02:41:26.486486487,Mouse,Tirupati,2,54841,Accessories,109682,17022.3
ORD0156,2025-02-26 11:26:07.567567568,Smartphone,Bengaluru,1,12587,Electronics,12587,3053.43
ORD0157,2025-02-26 20:10:48.648648649,Tablet,Hyderabad,1,24262,Electronics,24262,3132.66
ORD0158,2025-02-27 04:55:29.729729730,Smartphone,Bengaluru,5,10096,Electronics,50480,11166.64
ORD0159,2025-02-27 13:40:10.810810811,Laptop,Mumbai,3,18813,Electronics,56439,11600.64
ORD0160,2025-02-27 22:24:51.891891892,Keyboard,Mumbai,3,67049,Accessories,201147,41231.18
ORD0161,2025-02-28 07:09:32.972972973,Tablet,Tirupati,2,24205,Electronics,48410,10933.96
ORD0162,2025-02-28 15:54:14.054054054,Laptop,Delhi,4,67864,Electronics,271456,54466.03
ORD0163,2025-03-01 00:38:55.135135135,Smartwatch,Hyderabad,3,73945,Wearables,221835,60657.7
ORD0164,2025-03-01 09:23:36.216216216,Keyboard,Pune,5,79145,Accessories,395725,90473.67
ORD0165,2025-03-01 18:08:17.297297297,Smartphone,Delhi,2,2523,Electronics,5046,1010.87
ORD0166,2025-03-02 02:52:58.378378379,Laptop,Hyderabad,2,60296,Electronics,120592,31661.17
ORD0167,2025-03-02 11:37:39.459459460,Smartwatch,Delhi,5,64929,Wearables,324645,69263.74
ORD0168,2025-03-02 20:22:20.540540541,Tablet,Pune,4,62127,Electronics,248508,35798.01
ORD0169,2025-03-03 05:07:01.621621622,Tablet,Chennai,5,34348,Electronics,171740,21563.83
ORD0170,2025-03-03 13:51:42.702702703,Monitor,Chennai,4,38304,Electronics,153216,17391.87
ORD0171,2025-03-03 22:36:23.783783784,Smartwatch,Tirupati,5,15879,Wearables,79395,22062.29
ORD0172,2025-03-04 07:21:04.864864865,Mouse,Chennai,5,60164,Accessories,300820,71062.65
ORD0173,2025-03-04 16:05:45.945945946,Headphones,Chennai,1,28266,Accessories,28266,8090.39
ORD0174,2025-03-05 00:50:27.027027027,Keyboard,Kochi,2,68599,Accessories,137198,29185.33
ORD0175,2025-03-05 09:35:08.108108108,Smartwatch,Bengaluru,5,36560,Wearables,182800,33662.29
ORD0176,2025-03-05 18:19:49.189189189,Monitor,Kochi,5,69622,Electronics,348110,32422.14
ORD0177,2025-03-06 03:04:30.270270270,Headphones,Kochi,3,16587,Accessories,49761,11333.63
ORD0178,2025-03-06 11:49:11.351351352,Headphones,Tirupati,2,49368,Accessories,98736,20545.57
ORD0179,2025-03-06 20:33:52.432432433,Laptop,Kochi,3,23725,Electronics,71175,21199.19
ORD0180,2025-03-07 05:18:33.513513514,Headphones,Chennai,2,7143,Accessories,14286,1894.54
ORD0181,2025-03-07 14:03:14.594594595,Mouse,Pune,3,37227,Accessories,111681,21974.6
ORD0182,2025-03-07 22:47:55.675675676,Tablet,Tirupati,5,11505,Electronics,57525,12840.19
ORD0183,2025-03-08 07:32:36.756756757,Monitor,Tirupati,5,66197,Electronics,330985,73415.8
ORD0184,2025-03-08 16:17:17.837837838,Headphones,Mumbai,1,16529,Accessories,16529,3363.4
ORD0185,2025-03-09 01:01:58.918918919,Laptop,Tirupati,3,14726,Electronics,44178,11085.33
ORD0186,2025-03-09 09:46:40.000000000,Mouse,Mumbai,4,64146,Accessories,256584,32097.6
ORD0187,2025-03-09 18:31:21.081081081,Smartphone,Tirupati,1,61103,Electronics,61103,14642.6
ORD0188,2025-03-10 03:16:02.162162162,Tablet,Bengaluru,3,29231,Electronics,87693,18971.64
ORD0189,2025-03-10 12:00:43.243243243,Tablet,Chennai,3,69426,Electronics,208278,57721.44
ORD0190,2025-03-10 20:45:24.324324325,Monitor,Tirupati,1,6497,Electronics,6497,1730.69
ORD0191,2025-03-11 05:30:05.405405406,Tablet,Chennai,5,56006,Electronics,280030,41817.54
ORD0192,2025-03-11 14:14:46.486486487,Headphones,Chennai,3,78729,Accessories,236187,33248.57
ORD0193,2025-03-11 22:59:27.567567568,Laptop,Delhi,5,50315,Electronics,251575,74457.08
ORD0194,2025-03-12 07:44:08.648648649,Tablet,Tirupati,1,42592,Electronics,42592,8347.96
ORD0195,2025-03-12 16:28:49.729729730,Tablet,Hyderabad,5,63039,Electronics,315195,88069.46
ORD0196,2025-03-13 01:13:30.810810811,Smartphone,Delhi,2,66577,Electronics,133154,15453.03
ORD0197,2025-03-13 09:58:11.891891892,Smartphone,Hyderabad,4,22317,Electronics,89268,19765.73
ORD0198,2025-03-13 18:42:52.972972973,Keyboard,Chennai,3,38361,Accessories,115083,29710.89
ORD0199,2025-03-14 03:27:34.054054054,Mouse,Chennai,4,13928,Accessories,55712,16068.84
ORD0200,2025-03-14 12:12:15.135135135,Headphones,Delhi,5,44434,Accessories,222170,34261.91
ORD0201,2025-03-14 20:56:56.216216216,Tablet,Delhi,3,10758,Electronics,32274,7729.49
ORD0202,2025-03-15 05:41:37.297297297,Smartwatch,Hyderabad,5,58275,Wearables,291375,57849.26
ORD0203,2025-03-15 14:26:18.378378379,Tablet,Mumbai,2,5969,Electronics,11938,1114.27
ORD0204,2025-03-15 23:10:59.459459460,Laptop,Hyderabad,1,29354,Electronics,29354,6804.26
ORD0205,2025-03-16 07:55:40.540540541,Keyboard,Delhi,3,6756,Accessories,20268,4698.55
ORD0206,2025-03-16 16:40:21.621621622,Mouse,Pune,2,76756,Accessories,153512,43710.01
ORD0207,2025-03-17 01:25:02.702702703,Smartwatch,Delhi,2,34437,Wearables,68874,13045.34
ORD0208,2025-03-17 10:09:43.783783784,Keyboard,Pune,3,2151,Accessories,6453,843.12
ORD0209,2025-03-17 18:54:24.864864865,Monitor,Bengaluru,5,50788,Electronics,253940,22804.84
ORD0210,2025-03-18 03:39:05.945945946,Mouse,Delhi,2,25551,Accessories,51102,8760.99
ORD0211,2025-03-18 12:23:47.027027027,Tablet,Bengaluru,4,27886,Electronics,111544,16332.46
ORD0212,2025-03-18 21:08:28.108108108,Tablet,Mumbai,2,75554,Electronics,151108,37390.08
ORD0213,2025-03-19 05:53:09.189189189,Mouse,Hyderabad,5,16684,Accessories,83420,13175.26
ORD0214,2025-03-19 14:37:50.270270270,Tablet,Pune,5,34287,Electronics,171435,49509.68
ORD0215,2025-03-19 23:22:31.351351352,Headphones,Hyderabad,4,22121,Accessories,88484,25811.51
ORD0216,2025-03-20 08:07:12.432432433,Mouse,Bengaluru,2,76064,Accessories,152128,32950.91
ORD0217,2025-03-20 16:51:53.513513514,Keyboard,Pune,5,78484,Accessories,392420,111567.07
ORD0218,2025-03-21 01:36:34.594594595,Mouse,Hyderabad,3,60292,Accessories,180876,44746.54
ORD0219,2025-03-21 10:21:15.675675676,Smartwatch,Delhi,1,45753,Wearables,45753,9164.74
ORD0220,2025-03-21 19:05:56.756756757,Tablet,Chennai,1,34551,Electronics,34551,4134.64
ORD0221,2025-03-22 03:50:37.837837838,Headphones,Bengaluru,1,50311,Accessories,50311,9100.83
ORD0222,2025-03-22 12:35:18.918918919,Headphones,Hyderabad,2,30947,Accessories,61894,12588.77
ORD0223,2025-03-22 21:20:00.000000000,Monitor,Bengaluru,4,30754,Electronics,123016,33223.12
ORD0224,2025-03-23 06:04:41.081081081,Keyboard,Kochi,5,57918,Accessories,289590,53832.85
ORD0225,2025-03-23 14:49:22.162162162,Smartphone,Bengaluru,3,14972,Electronics,44916,12463.67
ORD0226,2025-03-23 23:34:03.243243243,Smartphone,Pune,3,3971,Electronics,11913,2720.41
ORD0227,2025-03-24 08:18:44.324324325,Mouse,Kochi,2,8829,Accessories,17658,1944.85
ORD0228,2025-03-24 17:03:25.405405406,Monitor,Tirupati,1,35365,Electronics,35365,10570.45
ORD0229,2025-03-25 01:48:06.486486487,Laptop,Pune,2,47350,Electronics,94700,18560.37
ORD0230,2025-03-25 10:32:47.567567568,Mouse,Chennai,4,54720,Accessories,218880,36379.79
ORD0231,2025-03-25 19:17:28.648648649,Monitor,Kochi,4,6897,Electronics,27588,6207.44
ORD0232,2025-03-26 04:02:09.729729730,Keyboard,Tirupati,5,36025,Accessories,180125,18725.17
ORD0233,2025-03-26 12:46:50.810810811,Keyboard,Delhi,5,53572,Accessories,267860,58939.51
ORD0234,2025-03-26 21:31:31.891891892,Keyboard,Bengaluru,4,23784,Accessories,95136,18038.92
ORD0235,2025-03-27 06:16:12.972972973,Keyboard,Hyderabad,4,61830,Accessories,247320,41912.9
ORD0236,2025-03-27 15:00:54.054054054,Keyboard,Mumbai,4,25622,Accessories,102488,29687.13
ORD0237,2025-03-27 23:45:35.135135135,Monitor,Bengaluru,2,71053,Electronics,142106,27704.81
ORD0238,2025-03-28 08:30:16.216216216,Monitor,Tirupati,4,63312,Electronics,253248,32467.87
ORD0239,2025-03-28 17:14:57.297297298,Headphones,Bengaluru,3,8499,Accessories,25497,4614.24
ORD0240,2025-03-29 01:59:38.378378379,Smartwatch,Chennai,1,22936,Wearables,22936,6474.04
ORD0241,2025-03-29 10:44:19.459459460,Smartphone,Delhi,4,43463,Electronics,173852,20643.36
ORD0242,2025-03-29 19:29:00.540540541,Tablet,Mumbai,1,2596,Electronics,2596,329.88
ORD0243,2025-03-30 04:13:41.621621622,Keyboard,Kochi,2,25779,Accessories,51558,4272.43
ORD0244,2025-03-30 12:58:22.702702703,Laptop,Kochi,1,26701,Electronics,26701,2219.44
ORD0245,2025-03-30 21:43:03.783783784,Tablet,Kochi,2,20215,Electronics,40430,10611.51
ORD0246,2025-03-31 06:27:44.864864865,Monitor,Tirupati,3,29809,Electronics,89427,21557.9
ORD0247,2025-03-31 15:12:25.945945946,Laptop,Pune,2,15578,Electronics,31156,4926.05
ORD0248,2025-03-31 23:57:07.027027027,Laptop,Pune,2,57114,Electronics,114228,26686.91
ORD0249,2025-04-01 08:41:48.108108108,Laptop,Hyderabad,5,5605,Electronics,28025,4678.64
ORD0250,2025-04-01 17:26:29.189189189,Headphones,Mumbai,4,3339,Accessories,13356,3868.4
ORD0251,2025-04-02 02:11:10.270270271,Monitor,Kochi,4,69420,Electronics,277680,81291.26
ORD0252,2025-04-02 10:55:51.351351352,Laptop,Pune,3,44119,Electronics,132357,22026.14
ORD0253,2025-04-02 19:40:32.432432433,Keyboard,Tirupati,3,43321,Accessories,129963,34820.83
ORD0254,2025-04-03 04:25:13.513513514,Mouse,Hyderabad,4,13993,Accessories,55972,13997.45
ORD0255,2025-04-03 13:09:54.594594595,Laptop,Delhi,5,17569,Electronics,87845,13018.63
ORD0256,2025-04-03 21:54:35.675675676,Headphones,Hyderabad,4,8031,Accessories,32124,4209.81
ORD0257,2025-04-04 06:39:16.756756757,Tablet,Pune,5,37551,Electronics,187755,33948.29
ORD0258,2025-04-04 15:23:57.837837838,Monitor,Chennai,3,8236,Electronics,24708,6223.86
ORD0259,2025-04-05 00:08:38.918918919,Smartwatch,Tirupati,1,8210,Wearables,8210,2391.06
ORD0260,2025-04-05 08:53:20.000000000,Headphones,Chennai,3,67655,Accessories,202965,50332.76
ORD0261,2025-04-05 17:38:01.081081081,Laptop,Kochi,3,14475,Electronics,43425,11644.22
ORD0262,2025-04-06 02:22:42.162162162,Monitor,Chennai,2,62924,Electronics,125848,26764.62
ORD0263,2025-04-06 11:07:23.243243243,Mouse,Kochi,2,46103,Accessories,92206,24323.0
ORD0264,2025-04-06 19:52:04.324324325,Laptop,Kochi,2,23752,Electronics,47504,11998.21
ORD0265,2025-04-07 04:36:45.405405406,Headphones,Pune,2,1931,Accessories,3862,629.26
ORD0266,2025-04-07 13:21:26.486486487,Smartphone,Chennai,5,75103,Electronics,375515,75642.94
ORD0267,2025-04-07 22:06:07.567567568,Keyboard,Kochi,4,37981,Accessories,151924,39051.41
ORD0268,2025-04-08 06:50:48.648648649,Smartwatch,Mumbai,1,10057,Wearables,10057,906.46
ORD0269,2025-04-08 15:35:29.729729730,Tablet,Delhi,3,75471,Electronics,226413,58364.16
ORD0270,2025-04-09 00:20:10.810810811,Headphones,Hyderabad,5,662,Accessories,3310,394.34
ORD0271,2025-04-09 09:04:51.891891892,Monitor,Hyderabad,1,35242,Electronics,35242,6809.83
ORD0272,2025-04-09 17:49:32.972972973,Smartwatch,Pune,5,20175,Wearables,100875,26007.65
ORD0273,2025-04-10 02:34:14.054054054,Smartwatch,Chennai,5,74497,Wearables,372485,50598.6
ORD0274,2025-04-10 11:18:55.135135135,Smartwatch,Chennai,3,17515,Wearables,52545,7045.11
ORD0275,2025-04-10 20:03:36.216216216,Laptop,Kochi,4,50557,Electronics,202228,34097.29
ORD0276,2025-04-11 04:48:17.297297298,Keyboard,Tirupati,2,33091,Accessories,66182,18320.59
ORD0277,2025-04-11 13:32:58.378378379,Laptop,Bengaluru,4,10333,Electronics,41332,3310.59
ORD0278,2025-04-11 22:17:39.459459460,Monitor,Kochi,3,8396,Electronics,25188,7009.93
ORD0279,2025-04-12 07:02:20.540540541,Laptop,Delhi,3,33472,Electronics,100416,11431.11
ORD0280,2025-04-12 15:47:01.621621622,Smartphone,Mumbai,3,50233,Electronics,150699,44881.03
ORD0281,2025-04-13 00:31:42.702702703,Keyboard,Hyderabad,1,42300,Accessories,42300,12269.81
ORD0282,2025-04-13 09:16:23.783783784,Keyboard,Kochi,4,5847,Accessories,23388,4416.32
ORD0283,2025-04-13 18:01:04.864864865,Monitor,Bengaluru,4,59563,Electronics,238252,45934.62
ORD0284,2025-04-14 02:45:45.945945946,Tablet,Bengaluru,5,3143,Electronics,15715,2922.06
ORD0285,2025-04-14 11:30:27.027027027,Smartphone,Kochi,5,41285,Electronics,206425,45371.72
ORD0286,2025-04-14 20:15:08.108108108,Headphones,Pune,5,19181,Accessories,95905,9586.55
ORD0287,2025-04-15 04:59:49.189189189,Laptop,Hyderabad,3,50526,Electronics,151578,13213.96
ORD0288,2025-04-15 13:44:30.270270270,Mouse,Pune,4,16392,Accessories,65568,6077.8
ORD0289,2025-04-15 22:29:11.351351352,Laptop,Mumbai,3,47799,Electronics,143397,25490.3
ORD0290,2025-04-16 07:13:52.432432432,Smartwatch,Bengaluru,1,17573,Wearables,17573,2471.12
ORD0291,2025-04-16 15:58:33.513513514,Laptop,Bengaluru,5,31182,Electronics,155910,33808.88
ORD0292,2025-04-17 00:43:14.594594594,Headphones,Delhi,3,14789,Accessories,44367,13236.33
ORD0293,2025-04-17 09:27:55.675675676,Laptop,Mumbai,3,8427,Electronics,25281,4171.14
ORD0294,2025-04-17 18:12:36.756756758,Smartphone,Bengaluru,1,48830,Electronics,48830,10070.95
ORD0295,2025-04-18 02:57:17.837837838,Smartphone,Mumbai,2,67207,Electronics,134414,23042.98
ORD0296,2025-04-18 11:41:58.918918920,Keyboard,Hyderabad,4,77954,Accessories,311816,83067.71
ORD0297,2025-04-18 20:26:40.000000000,Monitor,Chennai,2,65928,Electronics,131856,36720.84
ORD0298,2025-04-19 05:11:21.081081082,Tablet,Bengaluru,5,51101,Electronics,255505,69757.52
ORD0299,2025-04-19 13:56:02.162162162,Mouse,Delhi,3,77965,Accessories,233895,68849.77
ORD0300,2025-04-19 22:40:43.243243244,Smartwatch,Hyderabad,1,3039,Wearables,3039,261.52
ORD0301,2025-04-20 07:25:24.324324324,Laptop,Kochi,1,23169,Electronics,23169,6134.21
ORD0302,2025-04-20 16:10:05.405405406,Laptop,Mumbai,4,71468,Electronics,285872,70150.1
ORD0303,2025-04-21 00:54:46.486486486,Headphones,Kochi,2,21144,Accessories,42288,5510.67
ORD0304,2025-04-21 09:39:27.567567568,Monitor,Pune,4,19245,Electronics,76980,22354.25
ORD0305,2025-04-21 18:24:08.648648648,Smartphone,Hyderabad,3,28728,Electronics,86184,9704.24
ORD0306,2025-04-22 03:08:49.729729730,Mouse,Kochi,4,35021,Accessories,140084,32149.42
ORD0307,2025-04-22 11:53:30.810810812,Keyboard,Tirupati,1,27428,Accessories,27428,3551.26
ORD0308,2025-04-22 20:38:11.891891892,Smartphone,Tirupati,1,18822,Electronics,18822,3292.04
ORD0309,2025-04-23 05:22:52.972972974,Smartwatch,Bengaluru,5,58214,Wearables,291070,69337.29
ORD0310,2025-04-23 14:07:34.054054054,Monitor,Mumbai,5,62792,Electronics,313960,64026.31
ORD0311,2025-04-23 22:52:15.135135136,Smartwatch,Chennai,3,29555,Wearables,88665,15432.18
ORD0312,2025-04-24 07:36:56.216216216,Tablet,Hyderabad,2,43391,Electronics,86782,13173.03
ORD0313,2025-04-24 16:21:37.297297298,Keyboard,Bengaluru,4,7088,Accessories,28352,7505.49
ORD0314,2025-04-25 01:06:18.378378378,Tablet,Delhi,3,6804,Electronics,20412,2278.78
ORD0315,2025-04-25 09:50:59.459459460,Headphones,Pune,5,7845,Accessories,39225,6849.57
ORD0316,2025-04-25 18:35:40.540540540,Smartwatch,Mumbai,4,29800,Wearables,119200,33236.14
ORD0317,2025-04-26 03:20:21.621621622,Headphones,Hyderabad,5,24759,Accessories,123795,32940.23
ORD0318,2025-04-26 12:05:02.702702704,Laptop,Tirupati,4,15852,Electronics,63408,10665.68
ORD0319,2025-04-26 20:49:43.783783784,Tablet,Hyderabad,2,33865,Electronics,67730,16789.17
ORD0320,2025-04-27 05:34:24.864864866,Monitor,Chennai,3,19946,Electronics,59838,15623.43
ORD0321,2025-04-27 14:19:05.945945946,Smartwatch,Tirupati,4,2836,Wearables,11344,3125.9
ORD0322,2025-04-27 23:03:47.027027028,Mouse,Chennai,1,62532,Accessories,62532,12493.35
ORD0323,2025-04-28 07:48:28.108108108,Keyboard,Delhi,1,75915,Accessories,75915,9487.96
ORD0324,2025-04-28 16:33:09.189189190,Smartphone,Pune,4,8021,Electronics,32084,4368.81
ORD0325,2025-04-29 01:17:50.270270270,Monitor,Delhi,4,72207,Electronics,288828,41895.32
ORD0326,2025-04-29 10:02:31.351351352,Monitor,Bengaluru,4,23981,Electronics,95924,20205.1
ORD0327,2025-04-29 18:47:12.432432432,Headphones,Bengaluru,1,18974,Accessories,18974,1654.88
ORD0328,2025-04-30 03:31:53.513513514,Tablet,Delhi,1,47260,Electronics,47260,10393.86
ORD0329,2025-04-30 12:16:34.594594594,Smartwatch,Pune,4,56218,Wearables,224872,36015.03
ORD0330,2025-04-30 21:01:15.675675676,Smartwatch,Delhi,5,45129,Wearables,225645,32707.96
ORD0331,2025-05-01 05:45:56.756756758,Laptop,Pune,5,45732,Electronics,228660,62536.05
ORD0332,2025-05-01 14:30:37.837837838,Laptop,Pune,2,67669,Electronics,135338,24523.32
ORD0333,2025-05-01 23:15:18.918918920,Keyboard,Kochi,3,51169,Accessories,153507,15490.65
ORD0334,2025-05-02 08:00:00.000000000,Headphones,Tirupati,5,78521,Accessories,392605,102817.08
ORD0335,2025-05-02 16:44:41.081081082,Monitor,Mumbai,1,69684,Electronics,69684,6305.08
ORD0336,2025-05-03 01:29:22.162162162,Smartwatch,Pune,5,48445,Wearables,242225,58106.1
ORD0337,2025-05-03 10:14:03.243243244,Mouse,Chennai,2,13640,Accessories,27280,6827.08
ORD0338,2025-05-03 18:58:44.324324324,Headphones,Pune,2,14857,Accessories,29714,4682.11
ORD0339,2025-05-04 03:43:25.405405406,Keyboard,Pune,3,69173,Accessories,207519,54256.53
ORD0340,2025-05-04 12:28:06.486486486,Keyboard,Pune,5,66133,Accessories,330665,63965.51
ORD0341,2025-05-04 21:12:47.567567568,Headphones,Kochi,1,77443,Accessories,77443,14088.79
ORD0342,2025-05-05 05:57:28.648648648,Keyboard,Tirupati,1,78758,Accessories,78758,7087.33
ORD0343,2025-05-05 14:42:09.729729730,Headphones,Kochi,4,13424,Accessories,53696,7721.83
ORD0344,2025-05-05 23:26:50.810810812,Smartphone,Bengaluru,1,69786,Electronics,69786,19876.6
ORD0345,2025-05-06 08:11:31.891891892,Headphones,Kochi,3,74571,Accessories,223713,37181.39
ORD0346,2025-05-06 16:56:12.972972974,Tablet,Chennai,3,57826,Electronics,173478,34743.15
ORD0347,2025-05-07 01:40:54.054054054,Headphones,Chennai,1,31151,Accessories,31151,6138.14
ORD0348,2025-05-07 10:25:35.135135136,Keyboard,Kochi,1,70702,Accessories,70702,14839.98
ORD0349,2025-05-07 19:10:16.216216216,Smartwatch,Tirupati,4,49277,Wearables,197108,18428.18
ORD0350,2025-05-08 03:54:57.297297298,Tablet,Delhi,1,17494,Electronics,17494,2793.42
ORD0351,2025-05-08 12:39:38.378378378,Keyboard,Mumbai,4,67763,Accessories,271052,64805.34
ORD0352,2025-05-08 21:24:19.459459460,Laptop,Tirupati,4,60134,Electronics,240536,29856.11
ORD0353,2025-05-09 06:09:00.540540540,Laptop,Kochi,1,11300,Electronics,11300,1410.1
ORD0354,2025-05-09 14:53:41.621621622,Smartwatch,Pune,2,38323,Wearables,76646,6301.83
ORD0355,2025-05-09 23:38:22.702702704,Smartwatch,Hyderabad,2,64378,Wearables,128756,22692.73
ORD0356,2025-05-10 08:23:03.783783784,Tablet,Mumbai,4,19208,Electronics,76832,21067.45
ORD0357,2025-05-10 17:07:44.864864866,Smartphone,Mumbai,1,13319,Electronics,13319,1217.6
ORD0358,2025-05-11 01:52:25.945945946,Smartwatch,Chennai,2,75405,Wearables,150810,18405.77
ORD0359,2025-05-11 10:37:07.027027028,Laptop,Mumbai,1,64370,Electronics,64370,9540.83
ORD0360,2025-05-11 19:21:48.108108108,Headphones,Kochi,1,9783,Accessories,9783,2357.5
ORD0361,2025-05-12 04:06:29.189189190,Keyboard,Pune,1,31073,Accessories,31073,6865.26
ORD0362,2025-05-12 12:51:10.270270270,Laptop,Pune,5,79207,Electronics,396035,67923.04
ORD0363,2025-05-12 21:35:51.351351352,Laptop,Bengaluru,1,31433,Electronics,31433,7763.8
ORD0364,2025-05-13 06:20:32.432432432,Smartphone,Pune,5,6274,Electronics,31370,6716.91
ORD0365,2025-05-13 15:05:13.513513514,Tablet,Tirupati,4,72555,Electronics,290220,80428.37
ORD0366,2025-05-13 23:49:54.594594594,Tablet,Pune,2,11483,Electronics,22966,5970.38
ORD0367,2025-05-14 08:34:35.675675676,Monitor,Chennai,2,18633,Electronics,37266,5053.98
ORD0368,2025-05-14 17:19:16.756756758,Smartphone,Pune,2,15439,Electronics,30878,4314.17
ORD0369,2025-05-15 02:03:57.837837838,Headphones,Bengaluru,2,1281,Accessories,2562,275.62
ORD0370,2025-05-15 10:48:38.918918920,Tablet,Hyderabad,2,57200,Electronics,114400,17632.73
ORD0371,2025-05-15 19:33:20.000000000,Keyboard,Kochi,2,28124,Accessories,56248,16868.76
ORD0372,2025-05-16 04:18:01.081081082,Smartwatch,Chennai,2,7323,Wearables,14646,2479.06
ORD0373,2025-05-16 13:02:42.162162162,Smartphone,Tirupati,4,18989,Electronics,75956,9760.91
ORD0374,2025-05-16 21:47:23.243243244,Smartwatch,Hyderabad,1,40461,Wearables,40461,10024.06
ORD0375,2025-05-17 06:32:04.324324324,Laptop,Chennai,3,29618,Electronics,88854,17712.48
ORD0376,2025-05-17 15:16:45.405405406,Keyboard,Delhi,5,22763,Accessories,113815,12851.12
ORD0377,2025-05-18 00:01:26.486486486,Keyboard,Mumbai,3,14065,Accessories,42195,6909.5
ORD0378,2025-05-18 08:46:07.567567568,Laptop,Delhi,3,20854,Electronics,62562,10709.57
ORD0379,2025-05-18 17:30:48.648648650,Smartphone,Pune,1,43451,Electronics,43451,10682.1
ORD0380,2025-05-19 02:15:29.729729730,Laptop,Hyderabad,1,24148,Electronics,24148,2041.66
ORD0381,2025-05-19 11:00:10.810810812,Smartwatch,Pune,1,51229,Wearables,51229,7130.27
ORD0382,2025-05-19 19:44:51.891891892,Monitor,Mumbai,2,42471,Electronics,84942,16467.81
ORD0383,2025-05-20 04:29:32.972972974,Keyboard,Chennai,4,19158,Accessories,76632,10663.06
ORD0384,2025-05-20 13:14:14.054054054,Mouse,Mumbai,2,21753,Accessories,43506,9495.42
ORD0385,2025-05-20 21:58:55.135135136,Mouse,Bengaluru,4,64666,Accessories,258664,48114.31
ORD0386,2025-05-21 06:43:36.216216216,Smartwatch,Mumbai,4,49063,Wearables,196252,31317.16
ORD0387,2025-05-21 15:28:17.297297298,Headphones,Bengaluru,3,26890,Accessories,80670,23299.59
ORD0388,2025-05-22 00:12:58.378378378,Tablet,Mumbai,3,52078,Electronics,156234,34226.98
ORD0389,2025-05-22 08:57:39.459459460,Laptop,Kochi,4,79525,Electronics,318100,34541.56
ORD0390,2025-05-22 17:42:20.540540540,Laptop,Bengaluru,4,33158,Electronics,132632,26953.5
ORD0391,2025-05-23 02:27:01.621621622,Headphones,Hyderabad,2,7352,Accessories,14704,3701.89
ORD0392,2025-05-23 11:11:42.702702704,Headphones,Pune,2,3051,Accessories,6102,1439.26
ORD0393,2025-05-23 19:56:23.783783784,Smartwatch,Tirupati,3,72447,Wearables,217341,25615.73
ORD0394,2025-05-24 04:41:04.864864866,Smartwatch,Pune,1,61501,Wearables,61501,18077.14
ORD0395,2025-05-24 13:25:45.945945946,Headphones,Delhi,4,49659,Accessories,198636,35504.0
ORD0396,2025-05-24 22:10:27.027027028,Keyboard,Pune,2,52207,Accessories,104414,12006.1
ORD0397,2025-05-25 06:55:08.108108108,Smartwatch,Chennai,3,33743,Wearables,101229,12111.35
ORD0398,2025-05-25 15:39:49.189189190,Monitor,Kochi,2,22300,Electronics,44600,4531.88
ORD0399,2025-05-26 00:24:30.270270270,Smartwatch,Mumbai,4,76439,Wearables,305756,78510.19
ORD0400,2025-05-26 09:09:11.351351352,Laptop,Delhi,4,58328,Electronics,233312,24928.62
ORD0401,2025-05-26 17:53:52.432432432,Smartwatch,Chennai,5,7739,Wearables,38695,4160.78
ORD0402,2025-05-27 02:38:33.513513514,Keyboard,Chennai,1,7210,Accessories,7210,1925.82
ORD0403,2025-05-27 11:23:14.594594594,Headphones,Bengaluru,5,21884,Accessories,109420,17049.05
ORD0404,2025-05-27 20:07:55.675675676,Laptop,Pune,3,21538,Electronics,64614,5607.77
ORD0405,2025-05-28 04:52:36.756756758,Smartwatch,Hyderabad,2,41346,Wearables,82692,7559.45
ORD0406,2025-05-28 13:37:17.837837838,Keyboard,Tirupati,3,68321,Accessories,204963,22807.77
ORD0407,2025-05-28 22:21:58.918918920,Monitor,Hyderabad,4,38491,Electronics,153964,19545.2
ORD0408,2025-05-29 07:06:40.000000000,Smartwatch,Delhi,5,79557,Wearables,397785,90031.54
ORD0409,2025-05-29 15:51:21.081081082,Keyboard,Kochi,5,7471,Accessories,37355,4281.32
ORD0410,2025-05-30 00:36:02.162162162,Monitor,Hyderabad,5,29639,Electronics,148195,15731.25
ORD0411,2025-05-30 09:20:43.243243244,Headphones,Mumbai,3,77567,Accessories,232701,57765.28
ORD0412,2025-05-30 18:05:24.324324324,Smartwatch,Hyderabad,4,38211,Wearables,152844,34792.21
ORD0413,2025-05-31 02:50:05.405405406,Monitor,Delhi,2,7030,Electronics,14060,2471.34
ORD0414,2025-05-31 11:34:46.486486486,Laptop,Tirupati,2,11616,Electronics,23232,4666.1
ORD0415,2025-05-31 20:19:27.567567568,Headphones,Hyderabad,3,66294,Accessories,198882,29561.12
ORD0416,2025-06-01 05:04:08.648648650,Laptop,Mumbai,5,782,Electronics,3910,727.85
ORD0417,2025-06-01 13:48:49.729729730,Mouse,Bengaluru,1,79973,Accessories,79973,15312.27
ORD0418,2025-06-01 22:33:30.810810812,Smartphone,Kochi,3,2398,Electronics,7194,1188.39
ORD0419,2025-06-02 07:18:11.891891892,Smartwatch,Delhi,3,4635,Wearables,13905,3885.7
ORD0420,2025-06-02 16:02:52.972972974,Monitor,Bengaluru,4,7129,Electronics,28516,2382.04
ORD0421,2025-06-03 00:47:34.054054054,Smartphone,Bengaluru,2,65531,Electronics,131062,33037.8
ORD0422,2025-06-03 09:32:15.135135136,Smartphone,Bengaluru,3,33880,Electronics,101640,10912.5
ORD0423,2025-06-03 18:16:56.216216216,Monitor,Chennai,3,17571,Electronics,52713,13466.09
ORD0424,2025-06-04 03:01:37.297297298,Headphones,Kochi,5,20574,Accessories,102870,22168.55
ORD0425,2025-06-04 11:46:18.378378378,Smartwatch,Tirupati,5,68343,Wearables,341715,90732.57
ORD0426,2025-06-04 20:30:59.459459460,Mouse,Pune,1,40401,Accessories,40401,4098.81
ORD0427,2025-06-05 05:15:40.540540540,Laptop,Kochi,4,11705,Electronics,46820,9503.32
ORD0428,2025-06-05 14:00:21.621621622,Keyboard,Chennai,1,56161,Accessories,56161,10684.03
ORD0429,2025-06-05 22:45:02.702702704,Laptop,Pune,5,6406,Electronics,32030,7538.66
ORD0430,2025-06-06 07:29:43.783783784,Keyboard,Kochi,2,3091,Accessories,6182,1221.22
ORD0431,2025-06-06 16:14:24.864864866,Laptop,Bengaluru,5,63487,Electronics,317435,63157.38
ORD0432,2025-06-07 00:59:05.945945946,Monitor,Delhi,4,63870,Electronics,255480,44584.1
ORD0433,2025-06-07 09:43:47.027027028,Mouse,Pune,5,54900,Accessories,274500,40610.51
ORD0434,2025-06-07 18:28:28.108108108,Smartwatch,Mumbai,4,25650,Wearables,102600,19093.67
ORD0435,2025-06-08 03:13:09.189189190,Keyboard,Mumbai,4,32352,Accessories,129408,13726.09
ORD0436,2025-06-08 11:57:50.270270270,Smartwatch,Hyderabad,4,43370,Wearables,173480,50575.13
ORD0437,2025-06-08 20:42:31.351351352,Smartwatch,Pune,4,53256,Wearables,213024,50522.98
ORD0438,2025-06-09 05:27:12.432432432,Smartwatch,Delhi,4,56981,Wearables,227924,65993.75
ORD0439,2025-06-09 14:11:53.513513514,Tablet,Tirupati,2,1783,Electronics,3566,463.15
ORD0440,2025-06-09 22:56:34.594594596,Headphones,Chennai,1,34191,Accessories,34191,9349.7
ORD0441,2025-06-10 07:41:15.675675676,Laptop,Bengaluru,3,1625,Electronics,4875,1257.43
ORD0442,2025-06-10 16:25:56.756756758,Smartwatch,Hyderabad,1,67565,Wearables,67565,15470.6
ORD0443,2025-06-11 01:10:37.837837838,Laptop,Mumbai,4,26670,Electronics,106680,23203.58
ORD0444,2025-06-11 09:55:18.918918920,Smartwatch,Chennai,2,8938,Wearables,17876,2674.98
ORD0445,2025-06-11 18:40:00.000000000,Keyboard,Chennai,5,20595,Accessories,102975,26733.38
ORD0446,2025-06-12 03:24:41.081081082,Headphones,Bengaluru,2,16654,Accessories,33308,6339.62
ORD0447,2025-06-12 12:09:22.162162162,Headphones,Tirupati,4,8504,Accessories,34016,3251.8
ORD0448,2025-06-12 20:54:03.243243244,Monitor,Tirupati,2,10252,Electronics,20504,3051.61
ORD0449,2025-06-13 05:38:44.324324324,Tablet,Pune,2,55926,Electronics,111852,31963.43
ORD0450,2025-06-13 14:23:25.405405406,Monitor,Mumbai,4,27319,Electronics,109276,29193.05
ORD0451,2025-06-13 23:08:06.486486486,Monitor,Tirupati,2,24717,Electronics,49434,14633.42
ORD0452,2025-06-14 07:52:47.567567568,Monitor,Delhi,3,33494,Electronics,100482,21921.01
ORD0453,2025-06-14 16:37:28.648648650,Monitor,Tirupati,3,15536,Electronics,46608,6266.55
ORD0454,2025-06-15 01:22:09.729729730,Monitor,Chennai,2,77775,Electronics,155550,18015.69
ORD0455,2025-06-15 10:06:50.810810812,Mouse,Bengaluru,5,49916,Accessories,249580,30229.42
ORD0456,2025-06-15 18:51:31.891891892,Headphones,Delhi,4,10087,Accessories,40348,3403.56
ORD0457,2025-06-16 03:36:12.972972974,Monitor,Pune,3,1145,Electronics,3435,570.04
ORD0458,2025-06-16 12:20:54.054054054,Smartwatch,Mumbai,5,31430,Wearables,157150,19190.23
ORD0459,2025-06-16 21:05:35.135135136,Headphones,Pune,2,30590,Accessories,61180,10435.12
ORD0460,2025-06-17 05:50:16.216216216,Headphones,Chennai,5,52642,Accessories,263210,75198.77
ORD0461,2025-06-17 14:34:57.297297298,Smartphone,Delhi,1,26975,Electronics,26975,4713.04
ORD0462,2025-06-17 23:19:38.378378378,Mouse,Delhi,3,19388,Accessories,58164,15887.88
ORD0463,2025-06-18 08:04:19.459459460,Monitor,Delhi,2,44232,Electronics,88464,18861.5
ORD0464,2025-06-18 16:49:00.540540540,Laptop,Chennai,4,46805,Electronics,187220,25156.55
ORD0465,2025-06-19 01:33:41.621621622,Keyboard,Chennai,2,46537,Accessories,93074,14732.5
ORD0466,2025-06-19 10:18:22.702702704,Tablet,Pune,4,9846,Electronics,39384,3877.84
ORD0467,2025-06-19 19:03:03.783783784,Smartwatch,Hyderabad,2,1087,Wearables,2174,333.41
ORD0468,2025-06-20 03:47:44.864864866,Laptop,Pune,5,13263,Electronics,66315,15190.05
ORD0469,2025-06-20 12:32:25.945945946,Mouse,Mumbai,5,59665,Accessories,298325,28598.76
ORD0470,2025-06-20 21:17:07.027027028,Keyboard,Bengaluru,5,70115,Accessories,350575,43887.89
ORD0471,2025-06-21 06:01:48.108108108,Mouse,Delhi,1,36616,Accessories,36616,6001.99
ORD0472,2025-06-21 14:46:29.189189190,Smartwatch,Hyderabad,4,26056,Wearables,104224,30855.61
ORD0473,2025-06-21 23:31:10.270270270,Headphones,Bengaluru,5,59542,Accessories,297710,75222.27
ORD0474,2025-06-22 08:15:51.351351352,Keyboard,Hyderabad,1,18599,Accessories,18599,4489.19
ORD0475,2025-06-22 17:00:32.432432432,Headphones,Tirupati,4,45596,Accessories,182384,19252.82
ORD0476,2025-06-23 01:45:13.513513514,Smartwatch,Tirupati,2,72486,Wearables,144972,36506.72
ORD0477,2025-06-23 10:29:54.594594596,Laptop,Kochi,1,13730,Electronics,13730,3470.38
ORD0478,2025-06-23 19:14:35.675675676,Smartwatch,Tirupati,3,29509,Wearables,88527,18789.2
ORD0479,2025-06-24 03:59:16.756756758,Laptop,Pune,1,71469,Electronics,71469,21289.16
ORD0480,2025-06-24 12:43:57.837837838,Keyboard,Tirupati,1,34366,Accessories,34366,5208.37
ORD0481,2025-06-24 21:28:38.918918920,Keyboard,Chennai,4,77475,Accessories,309900,88966.07
ORD0482,2025-06-25 06:13:20.000000000,Monitor,Delhi,2,42355,Electronics,84710,23823.91
ORD0483,2025-06-25 14:58:01.081081082,Mouse,Pune,3,6916,Accessories,20748,1712.24
ORD0484,2025-06-25 23:42:42.162162162,Monitor,Bengaluru,5,73016,Electronics,365080,65358.68
ORD0485,2025-06-26 08:27:23.243243244,Mouse,Kochi,5,56415,Accessories,282075,83201.67
ORD0486,2025-06-26 17:12:04.324324324,Monitor,Kochi,1,18558,Electronics,18558,1905.66
ORD0487,2025-06-27 01:56:45.405405406,Headphones,Kochi,4,77137,Accessories,308548,61867.77
ORD0488,2025-06-27 10:41:26.486486486,Keyboard,Bengaluru,4,41218,Accessories,164872,48698.35
ORD0489,2025-06-27 19:26:07.567567568,Laptop,Bengaluru,5,33102,Electronics,165510,33467.61
ORD0490,2025-06-28 04:10:48.648648650,Mouse,Bengaluru,3,75158,Accessories,225474,27453.57
ORD0491,2025-06-28 12:55:29.729729730,Smartwatch,Bengaluru,2,78612,Wearables,157224,32715.22
ORD0492,2025-06-28 21:40:10.810810812,Mouse,Kochi,3,58567,Accessories,175701,21958.57
ORD0493,2025-06-29 06:24:51.891891892,Laptop,Kochi,2,28016,Electronics,56032,10888.98
ORD0494,2025-06-29 15:09:32.972972974,Monitor,Hyderabad,5,1589,Electronics,7945,765.02
ORD0495,2025-06-29 23:54:14.054054054,Mouse,Pune,2,37846,Accessories,75692,16138.0
ORD0496,2025-06-30 08:38:55.135135136,Tablet,Delhi,4,75163,Electronics,300652,58234.42
ORD0497,2025-06-30 17:23:36.216216216,Headphones,Tirupati,1,10987,Accessories,10987,2668.03
ORD0498,2025-07-01 02:08:17.297297298,Keyboard,Tirupati,1,655,Accessories,655,143.28
ORD0499,2025-07-01 10:52:58.378378378,Laptop,Chennai,5,67994,Electronics,339970,68304.52
ORD0500,2025-07-01 19:37:39.459459460,Keyboard,Kochi,4,76729,Accessories,306916,71128.2
ORD0501,2025-07-02 04:22:20.540540542,Tablet,Chennai,3,39047,Electronics,117141,13080.81
ORD0502,2025-07-02 13:07:01.621621622,Mouse,Pune,4,29295,Accessories,117180,24722.53
ORD0503,2025-07-02 21:51:42.702702704,Mouse,Pune,1,55796,Accessories,55796,6576.36
ORD0504,2025-07-03 06:36:23.783783784,Smartwatch,Chennai,1,21947,Wearables,21947,6224.5
ORD0505,2025-07-03 15:21:04.864864866,Tablet,Kochi,4,37098,Electronics,148392,14102.21
ORD0506,2025-07-04 00:05:45.945945946,Laptop,Chennai,4,42314,Electronics,169256,29566.05
ORD0507,2025-07-04 08:50:27.027027028,Smartwatch,Tirupati,1,75830,Wearables,75830,17674.11
ORD0508,2025-07-04 17:35:08.108108108,Headphones,Hyderabad,3,63778,Accessories,191334,34586.47
ORD0509,2025-07-05 02:19:49.189189190,Smartwatch,Tirupati,5,55577,Wearables,277885,27861.02
ORD0510,2025-07-05 11:04:30.270270270,Smartphone,Mumbai,5,72406,Electronics,362030,73037.16
ORD0511,2025-07-05 19:49:11.351351352,Laptop,Kochi,4,10028,Electronics,40112,8871.13
ORD0512,2025-07-06 04:33:52.432432432,Smartphone,Kochi,5,50600,Electronics,253000,59413.08
ORD0513,2025-07-06 13:18:33.513513514,Tablet,Delhi,1,8679,Electronics,8679,1407.01
ORD0514,2025-07-06 22:03:14.594594596,Monitor,Bengaluru,1,49281,Electronics,49281,10053.58
ORD0515,2025-07-07 06:47:55.675675676,Smartphone,Mumbai,4,55767,Electronics,223068,39962.86
ORD0516,2025-07-07 15:32:36.756756758,Headphones,Pune,4,24452,Accessories,97808,22285.78
ORD0517,2025-07-08 00:17:17.837837838,Smartwatch,Kochi,4,54298,Wearables,217192,45259.02
ORD0518,2025-07-08 09:01:58.918918920,Monitor,Chennai,3,51439,Electronics,154317,30194.65
ORD0519,2025-07-08 17:46:40.000000000,Smartwatch,Mumbai,5,30016,Wearables,150080,20245.1
ORD0520,2025-07-09 02:31:21.081081082,Smartphone,Delhi,4,57026,Electronics,228104,18349.62
ORD0521,2025-07-09 11:16:02.162162162,Smartwatch,Pune,2,10949,Wearables,21898,2590.49
ORD0522,2025-07-09 20:00:43.243243244,Tablet,Bengaluru,2,50790,Electronics,101580,10742.55
ORD0523,2025-07-10 04:45:24.324324324,Monitor,Bengaluru,1,73454,Electronics,73454,13133.48
ORD0524,2025-07-10 13:30:05.405405406,Tablet,Delhi,5,23246,Electronics,116230,24954.21
ORD0525,2025-07-10 22:14:46.486486486,Smartphone,Delhi,4,68490,Electronics,273960,34759.69
ORD0526,2025-07-11 06:59:27.567567568,Tablet,Chennai,2,59310,Electronics,118620,33995.61
ORD0527,2025-07-11 15:44:08.648648650,Headphones,Kochi,5,15723,Accessories,78615,6404.77
ORD0528,2025-07-12 00:28:49.729729730,Smartphone,Bengaluru,1,72737,Electronics,72737,18177.43
ORD0529,2025-07-12 09:13:30.810810812,Smartphone,Pune,3,3097,Electronics,9291,2021.21
ORD0530,2025-07-12 17:58:11.891891892,Smartphone,Mumbai,5,66177,Electronics,330885,53663.61
ORD0531,2025-07-13 02:42:52.972972974,Laptop,Pune,5,3159,Electronics,15795,1439.04
ORD0532,2025-07-13 11:27:34.054054054,Smartwatch,Hyderabad,3,75067,Wearables,225201,49104.41
ORD0533,2025-07-13 20:12:15.135135136,Laptop,Hyderabad,5,15537,Electronics,77685,12805.2
ORD0534,2025-07-14 04:56:56.216216216,Laptop,Delhi,1,47238,Electronics,47238,13509.07
ORD0535,2025-07-14 13:41:37.297297298,Headphones,Chennai,1,72178,Accessories,72178,14380.59
ORD0536,2025-07-14 22:26:18.378378378,Monitor,Hyderabad,3,12609,Electronics,37827,10845.88
ORD0537,2025-07-15 07:10:59.459459460,Smartwatch,Bengaluru,4,22510,Wearables,90040,11570.72
ORD0538,2025-07-15 15:55:40.540540542,Tablet,Pune,2,9287,Electronics,18574,4451.44
ORD0539,2025-07-16 00:40:21.621621622,Mouse,Pune,4,8972,Accessories,35888,7744.44
ORD0540,2025-07-16 09:25:02.702702704,Smartphone,Delhi,5,23883,Electronics,119415,28978.42
ORD0541,2025-07-16 18:09:43.783783784,Tablet,Kochi,2,62209,Electronics,124418,15829.32
ORD0542,2025-07-17 02:54:24.864864866,Smartphone,Kochi,3,70285,Electronics,210855,47716.23
ORD0543,2025-07-17 11:39:05.945945946,Headphones,Mumbai,3,35018,Accessories,105054,19914.97
ORD0544,2025-07-17 20:23:47.027027028,Smartphone,Delhi,2,54409,Electronics,108818,26488.64
ORD0545,2025-07-18 05:08:28.108108108,Laptop,Tirupati,1,18851,Electronics,18851,2864.41
ORD0546,2025-07-18 13:53:09.189189190,Smartwatch,Mumbai,2,70124,Wearables,140248,38682.16
ORD0547,2025-07-18 22:37:50.270270270,Mouse,Tirupati,5,53830,Accessories,269150,26523.73
ORD0548,2025-07-19 07:22:31.351351352,Keyboard,Kochi,1,15782,Accessories,15782,4065.15
ORD0549,2025-07-19 16:07:12.432432432,Smartphone,Delhi,3,22278,Electronics,66834,18011.12
ORD0550,2025-07-20 00:51:53.513513514,Tablet,Tirupati,2,24764,Electronics,49528,12867.15
ORD0551,2025-07-20 09:36:34.594594596,Laptop,Delhi,4,60175,Electronics,240700,46406.91
ORD0552,2025-07-20 18:21:15.675675676,Keyboard,Delhi,4,5575,Accessories,22300,3934.72
ORD0553,2025-07-21 03:05:56.756756758,Mouse,Kochi,5,76448,Accessories,382240,114357.69
ORD0554,2025-07-21 11:50:37.837837838,Keyboard,Mumbai,4,48954,Accessories,195816,25537.9
ORD0555,2025-07-21 20:35:18.918918920,Laptop,Mumbai,2,28865,Electronics,57730,11564.05
ORD0556,2025-07-22 05:20:00.000000000,Smartwatch,Delhi,2,73266,Wearables,146532,33343.15
ORD0557,2025-07-22 14:04:41.081081082,Smartwatch,Hyderabad,4,48700,Wearables,194800,45620.38
ORD0558,2025-07-22 22:49:22.162162162,Monitor,Chennai,2,11502,Electronics,23004,2872.86
ORD0559,2025-07-23 07:34:03.243243244,Smartwatch,Kochi,5,14447,Wearables,72235,16171.88
ORD0560,2025-07-23 16:18:44.324324324,Monitor,Chennai,1,79722,Electronics,79722,20731.01
ORD0561,2025-07-24 01:03:25.405405406,Keyboard,Chennai,5,79110,Accessories,395550,35996.67
ORD0562,2025-07-24 09:48:06.486486488,Headphones,Mumbai,5,52642,Accessories,263210,73839.53
ORD0563,2025-07-24 18:32:47.567567568,Tablet,Mumbai,2,56807,Electronics,113614,9826.58
ORD0564,2025-07-25 03:17:28.648648650,Tablet,Hyderabad,1,4993,Electronics,4993,790.46
ORD0565,2025-07-25 12:02:09.729729730,Keyboard,Chennai,2,50585,Accessories,101170,8445.56
ORD0566,2025-07-25 20:46:50.810810812,Smartphone,Chennai,3,34728,Electronics,104184,10102.92
ORD0567,2025-07-26 05:31:31.891891892,Smartphone,Delhi,2,52375,Electronics,104750,29377.87
ORD0568,2025-07-26 14:16:12.972972974,Smartwatch,Mumbai,2,32155,Wearables,64310,10165.44
ORD0569,2025-07-26 23:00:54.054054054,Tablet,Chennai,2,43972,Electronics,87944,15253.86
ORD0570,2025-07-27 07:45:35.135135136,Tablet,Pune,1,49937,Electronics,49937,6360.76
ORD0571,2025-07-27 16:30:16.216216216,Monitor,Hyderabad,2,49916,Electronics,99832,21100.6
ORD0572,2025-07-28 01:14:57.297297298,Headphones,Tirupati,1,60211,Accessories,60211,12695.89
ORD0573,2025-07-28 09:59:38.378378378,Laptop,Pune,4,7316,Electronics,29264,4737.38
ORD0574,2025-07-28 18:44:19.459459460,Smartphone,Pune,3,77675,Electronics,233025,35715.2
ORD0575,2025-07-29 03:29:00.540540540,Tablet,Tirupati,1,64807,Electronics,64807,17801.97
ORD0576,2025-07-29 12:13:41.621621624,Monitor,Kochi,4,47233,Electronics,188932,31045.78
ORD0577,2025-07-29 20:58:22.702702704,Mouse,Kochi,1,11740,Accessories,11740,2213.81
ORD0578,2025-07-30 05:43:03.783783784,Monitor,Hyderabad,1,71863,Electronics,71863,10228.05
ORD0579,2025-07-30 14:27:44.864864864,Smartphone,Pune,3,33262,Electronics,99786,25254.77
ORD0580,2025-07-30 23:12:25.945945948,Smartphone,Chennai,5,8759,Electronics,43795,7332.97
ORD0581,2025-07-31 07:57:07.027027028,Monitor,Mumbai,5,50639,Electronics,253195,48865.22
ORD0582,2025-07-31 16:41:48.108108108,Laptop,Hyderabad,1,15349,Electronics,15349,2083.45
ORD0583,2025-08-01 01:26:29.189189188,Keyboard,Delhi,2,55369,Accessories,110738,32920.76
ORD0584,2025-08-01 10:11:10.270270272,Smartphone,Tirupati,4,63595,Electronics,254380,36663.55
ORD0585,2025-08-01 18:55:51.351351352,Monitor,Pune,2,71410,Electronics,142820,35642.64
ORD0586,2025-08-02 03:40:32.432432432,Tablet,Hyderabad,2,24067,Electronics,48134,8377.68
ORD0587,2025-08-02 12:25:13.513513516,Monitor,Bengaluru,1,35792,Electronics,35792,4487.17
ORD0588,2025-08-02 21:09:54.594594596,Headphones,Bengaluru,1,75313,Accessories,75313,19275.47
ORD0589,2025-08-03 05:54:35.675675676,Keyboard,Kochi,1,52131,Accessories,52131,7996.56
ORD0590,2025-08-03 14:39:16.756756756,Mouse,Tirupati,1,10385,Accessories,10385,2807.51
ORD0591,2025-08-03 23:23:57.837837840,Laptop,Mumbai,5,60159,Electronics,300795,84630.65
ORD0592,2025-08-04 08:08:38.918918920,Smartwatch,Chennai,1,54806,Wearables,54806,14751.65
ORD0593,2025-08-04 16:53:20.000000000,Mouse,Mumbai,5,66814,Accessories,334070,29298.52
ORD0594,2025-08-05 01:38:01.081081080,Keyboard,Mumbai,5,65587,Accessories,327935,83040.4
ORD0595,2025-08-05 10:22:42.162162164,Keyboard,Mumbai,1,29665,Accessories,29665,5057.72
ORD0596,2025-08-05 19:07:23.243243244,Keyboard,Tirupati,3,59429,Accessories,178287,48533.12
ORD0597,2025-08-06 03:52:04.324324324,Mouse,Mumbai,4,67528,Accessories,270112,59519.16
ORD0598,2025-08-06 12:36:45.405405404,Tablet,Delhi,2,50312,Electronics,100624,26504.51
ORD0599,2025-08-06 21:21:26.486486488,Keyboard,Tirupati,5,51000,Accessories,255000,48418.12
ORD0600,2025-08-07 06:06:07.567567568,Monitor,Delhi,4,79651,Electronics,318604,62989.8
ORD0601,2025-08-07 14:50:48.648648648,Mouse,Tirupati,3,59143,Accessories,177429,19830.4
ORD0602,2025-08-07 23:35:29.729729732,Smartwatch,Kochi,2,45400,Wearables,90800,22924.93
ORD0603,2025-08-08 08:20:10.810810812,Keyboard,Hyderabad,2,43446,Accessories,86892,14968.51
ORD0604,2025-08-08 17:04:51.891891892,Monitor,Bengaluru,5,8351,Electronics,41755,7934.19
ORD0605,2025-08-09 01:49:32.972972972,Tablet,Mumbai,1,16788,Electronics,16788,4242.69
ORD0606,2025-08-09 10:34:14.054054056,Headphones,Kochi,3,73192,Accessories,219576,46494.34
ORD0607,2025-08-09 19:18:55.135135136,Tablet,Hyderabad,5,68080,Electronics,340400,42291.88
ORD0608,2025-08-10 04:03:36.216216216,Smartwatch,Bengaluru,3,7868,Wearables,23604,4953.33
ORD0609,2025-08-10 12:48:17.297297296,Keyboard,Pune,1,46903,Accessories,46903,7958.46
ORD0610,2025-08-10 21:32:58.378378380,Smartwatch,Chennai,1,9668,Wearables,9668,1772.1
ORD0611,2025-08-11 06:17:39.459459460,Mouse,Delhi,5,50379,Accessories,251895,21720.52
ORD0612,2025-08-11 15:02:20.540540540,Smartphone,Pune,1,60371,Electronics,60371,7619.21
ORD0613,2025-08-11 23:47:01.621621624,Keyboard,Tirupati,4,32674,Accessories,130696,18536.4
ORD0614,2025-08-12 08:31:42.702702704,Smartphone,Bengaluru,2,7081,Electronics,14162,3354.29
ORD0615,2025-08-12 17:16:23.783783784,Monitor,Pune,5,72353,Electronics,361765,29855.87
ORD0616,2025-08-13 02:01:04.864864864,Headphones,Chennai,3,64546,Accessories,193638,32905.1
ORD0617,2025-08-13 10:45:45.945945948,Laptop,Kochi,4,50178,Electronics,200712,56858.88
ORD0618,2025-08-13 19:30:27.027027028,Smartwatch,Bengaluru,5,27149,Wearables,135745,14200.79
ORD0619,2025-08-14 04:15:08.108108108,Tablet,Pune,1,15067,Electronics,15067,2917.17
ORD0620,2025-08-14 12:59:49.189189188,Headphones,Delhi,1,62444,Accessories,62444,15800.51
ORD0621,2025-08-14 21:44:30.270270272,Keyboard,Delhi,1,78502,Accessories,78502,22558.09
ORD0622,2025-08-15 06:29:11.351351352,Smartphone,Hyderabad,1,29303,Electronics,29303,7158.46
ORD0623,2025-08-15 15:13:52.432432432,Tablet,Pune,3,18730,Electronics,56190,13402.69
ORD0624,2025-08-15 23:58:33.513513516,Smartphone,Mumbai,4,18362,Electronics,73448,19230.7
ORD0625,2025-08-16 08:43:14.594594596,Mouse,Pune,2,43855,Accessories,87710,15626.79
ORD0626,2025-08-16 17:27:55.675675676,Smartphone,Kochi,3,31759,Electronics,95277,24513.42
ORD0627,2025-08-17 02:12:36.756756756,Mouse,Bengaluru,3,31295,Accessories,93885,7675.3
ORD0628,2025-08-17 10:57:17.837837840,Monitor,Bengaluru,2,9270,Electronics,18540,5254.3
ORD0629,2025-08-17 19:41:58.918918920,Tablet,Kochi,2,11593,Electronics,23186,4116.15
ORD0630,2025-08-18 04:26:40.000000000,Tablet,Pune,1,47071,Electronics,47071,9496.27
ORD0631,2025-08-18 13:11:21.081081080,Laptop,Kochi,3,693,Electronics,2079,282.9
ORD0632,2025-08-18 21:56:02.162162164,Keyboard,Chennai,5,18069,Accessories,90345,21986.07
ORD0633,2025-08-19 06:40:43.243243244,Mouse,Tirupati,2,11690,Accessories,23380,2264.58
ORD0634,2025-08-19 15:25:24.324324324,Laptop,Kochi,2,63324,Electronics,126648,34445.71
ORD0635,2025-08-20 00:10:05.405405408,Smartphone,Delhi,4,43252,Electronics,173008,45360.22
ORD0636,2025-08-20 08:54:46.486486488,Smartphone,Kochi,5,32827,Electronics,164135,20932.67
ORD0637,2025-08-20 17:39:27.567567568,Laptop,Bengaluru,5,42570,Electronics,212850,54926.23
ORD0638,2025-08-21 02:24:08.648648648,Tablet,Delhi,2,40697,Electronics,81394,20592.58
ORD0639,2025-08-21 11:08:49.729729732,Smartphone,Bengaluru,1,2761,Electronics,2761,604.9
ORD0640,2025-08-21 19:53:30.810810812,Smartwatch,Hyderabad,4,27012,Wearables,108048,17522.62
ORD0641,2025-08-22 04:38:11.891891892,Monitor,Mumbai,5,7216,Electronics,36080,5041.45
ORD0642,2025-08-22 13:22:52.972972972,Monitor,Bengaluru,2,29433,Electronics,58866,7711.0
ORD0643,2025-08-22 22:07:34.054054056,Smartwatch,Delhi,5,4878,Wearables,24390,3660.79
ORD0644,2025-08-23 06:52:15.135135136,Laptop,Hyderabad,4,41083,Electronics,164332,45812.94
ORD0645,2025-08-23 15:36:56.216216216,Smartwatch,Bengaluru,4,29533,Wearables,118132,11468.37
ORD0646,2025-08-24 00:21:37.297297296,Mouse,Chennai,3,24500,Accessories,73500,19282.85
ORD0647,2025-08-24 09:06:18.378378380,Mouse,Kochi,2,76368,Accessories,152736,23942.26
ORD0648,2025-08-24 17:50:59.459459460,Laptop,Mumbai,4,43104,Electronics,172416,33578.34
ORD0649,2025-08-25 02:35:40.540540540,Smartwatch,Bengaluru,3,68836,Wearables,206508,52615.52
ORD0650,2025-08-25 11:20:21.621621624,Mouse,Hyderabad,3,74369,Accessories,223107,61256.89
ORD0651,2025-08-25 20:05:02.702702704,Tablet,Chennai,5,5910,Electronics,29550,4605.42
ORD0652,2025-08-26 04:49:43.783783784,Smartwatch,Pune,5,56544,Wearables,282720,51343.53
ORD0653,2025-08-26 13:34:24.864864864,Tablet,Hyderabad,3,63815,Electronics,191445,32774.15
ORD0654,2025-08-26 22:19:05.945945948,Mouse,Kochi,5,71844,Accessories,359220,29784.81
ORD0655,2025-08-27 07:03:47.027027028,Monitor,Hyderabad,4,7296,Electronics,29184,4234.82
ORD0656,2025-08-27 15:48:28.108108108,Mouse,Chennai,1,54745,Accessories,54745,9910.03
ORD0657,2025-08-28 00:33:09.189189188,Tablet,Hyderabad,4,43556,Electronics,174224,29694.84
ORD0658,2025-08-28 09:17:50.270270272,Headphones,Chennai,3,18209,Accessories,54627,13046.26
ORD0659,2025-08-28 18:02:31.351351352,Keyboard,Bengaluru,3,59057,Accessories,177171,29172.41
ORD0660,2025-08-29 02:47:12.432432432,Smartphone,Tirupati,4,18043,Electronics,72172,13544.0
ORD0661,2025-08-29 11:31:53.513513516,Smartwatch,Chennai,5,37918,Wearables,189590,33086.09
ORD0662,2025-08-29 20:16:34.594594596,Headphones,Chennai,5,17224,Accessories,86120,20921.8
ORD0663,2025-08-30 05:01:15.675675676,Mouse,Mumbai,3,4328,Accessories,12984,3503.78
ORD0664,2025-08-30 13:45:56.756756756,Monitor,Chennai,2,17587,Electronics,35174,6929.83
ORD0665,2025-08-30 22:30:37.837837840,Laptop,Chennai,5,13105,Electronics,65525,16622.06
ORD0666,2025-08-31 07:15:18.918918920,Mouse,Pune,4,31837,Accessories,127348,18502.78
ORD0667,2025-08-31 16:00:00.000000000,Monitor,Tirupati,5,5982,Electronics,29910,5955.12
ORD0668,2025-09-01 00:44:41.081081080,Keyboard,Bengaluru,4,65833,Accessories,263332,41066.78
ORD0669,2025-09-01 09:29:22.162162164,Mouse,Kochi,3,51452,Accessories,154356,26414.05
ORD0670,2025-09-01 18:14:03.243243244,Tablet,Mumbai,5,5963,Electronics,29815,7189.32
ORD0671,2025-09-02 02:58:44.324324324,Laptop,Pune,4,70948,Electronics,283792,77749.29
ORD0672,2025-09-02 11:43:25.405405408,Monitor,Delhi,3,5148,Electronics,15444,1648.32
ORD0673,2025-09-02 20:28:06.486486488,Monitor,Tirupati,2,34123,Electronics,68246,14988.23
ORD0674,2025-09-03 05:12:47.567567568,Monitor,Bengaluru,4,59656,Electronics,238624,49650.89
ORD0675,2025-09-03 13:57:28.648648648,Keyboard,Bengaluru,2,36134,Accessories,72268,7664.12
ORD0676,2025-09-03 22:42:09.729729732,Mouse,Delhi,2,45102,Accessories,90204,11421.34
ORD0677,2025-09-04 07:26:50.810810812,Keyboard,Kochi,1,49834,Accessories,49834,7396.39
ORD0678,2025-09-04 16:11:31.891891892,Smartwatch,Chennai,5,69148,Wearables,345740,40356.44
ORD0679,2025-09-05 00:56:12.972972972,Smartphone,Pune,4,22554,Electronics,90216,12054.71
ORD0680,2025-09-05 09:40:54.054054056,Smartphone,Hyderabad,2,70528,Electronics,141056,19588.75
ORD0681,2025-09-05 18:25:35.135135136,Smartwatch,Mumbai,1,22707,Wearables,22707,3493.43
ORD0682,2025-09-06 03:10:16.216216216,Mouse,Hyderabad,3,21886,Accessories,65658,16077.41
ORD0683,2025-09-06 11:54:57.297297296,Tablet,Delhi,4,60018,Electronics,240072,49411.78
ORD0684,2025-09-06 20:39:38.378378380,Keyboard,Bengaluru,2,53281,Accessories,106562,31646.17
ORD0685,2025-09-07 05:24:19.459459460,Laptop,Kochi,5,53280,Electronics,266400,45618.84
ORD0686,2025-09-07 14:09:00.540540540,Monitor,Bengaluru,1,61940,Electronics,61940,15227.97
ORD0687,2025-09-07 22:53:41.621621624,Monitor,Mumbai,2,44699,Electronics,89398,24291.5
ORD0688,2025-09-08 07:38:22.702702704,Mouse,Bengaluru,5,61535,Accessories,307675,70573.04
ORD0689,2025-09-08 16:23:03.783783784,Tablet,Bengaluru,2,8710,Electronics,17420,2972.03
ORD0690,2025-09-09 01:07:44.864864864,Smartphone,Mumbai,4,44863,Electronics,179452,44107.65
ORD0691,2025-09-09 09:52:25.945945948,Smartphone,Pune,4,78779,Electronics,315116,39328.61
ORD0692,2025-09-09 18:37:07.027027028,Monitor,Pune,4,60848,Electronics,243392,37010.55
ORD0693,2025-09-10 03:21:48.108108108,Mouse,Mumbai,1,55784,Accessories,55784,11171.9
ORD0694,2025-09-10 12:06:29.189189188,Keyboard,Kochi,4,72624,Accessories,290496,60013.59
ORD0695,2025-09-10 20:51:10.270270272,Smartphone,Delhi,5,69347,Electronics,346735,29427.79
ORD0696,2025-09-11 05:35:51.351351352,Keyboard,Tirupati,2,22932,Accessories,45864,13205.4
ORD0697,2025-09-11 14:20:32.432432432,Tablet,Bengaluru,3,64589,Electronics,193767,45197.7
ORD0698,2025-09-11 23:05:13.513513516,Smartphone,Kochi,5,55898,Electronics,279490,52838.93
ORD0699,2025-09-12 07:49:54.594594596,Smartphone,Bengaluru,5,3821,Electronics,19105,5450.43
ORD0700,2025-09-12 16:34:35.675675676,Headphones,Tirupati,4,37883,Accessories,151532,26760.71
ORD0701,2025-09-13 01:19:16.756756756,Smartphone,Delhi,1,79182,Electronics,79182,23413.79
ORD0702,2025-09-13 10:03:57.837837840,Smartwatch,Pune,2,79690,Wearables,159380,30712.95
ORD0703,2025-09-13 18:48:38.918918920,Laptop,Kochi,1,53393,Electronics,53393,5613.89
ORD0704,2025-09-14 03:33:20.000000000,Smartwatch,Chennai,2,36320,Wearables,72640,18033.33
ORD0705,2025-09-14 12:18:01.081081080,Mouse,Chennai,2,66762,Accessories,133524,30624.73
ORD0706,2025-09-14 21:02:42.162162164,Mouse,Tirupati,1,4260,Accessories,4260,1065.24
ORD0707,2025-09-15 05:47:23.243243244,Keyboard,Chennai,5,22690,Accessories,113450,32823.04
ORD0708,2025-09-15 14:32:04.324324324,Smartwatch,Pune,2,67911,Wearables,135822,34067.91
ORD0709,2025-09-15 23:16:45.405405408,Smartwatch,Tirupati,1,23877,Wearables,23877,5121.47
ORD0710,2025-09-16 08:01:26.486486488,Smartwatch,Pune,2,47237,Wearables,94474,25376.47
ORD0711,2025-09-16 16:46:07.567567568,Tablet,Delhi,3,70069,Electronics,210207,47951.21
ORD0712,2025-09-17 01:30:48.648648648,Smartphone,Bengaluru,5,38711,Electronics,193555,32862.97
ORD0713,2025-09-17 10:15:29.729729732,Laptop,Delhi,4,4244,Electronics,16976,4665.62
ORD0714,2025-09-17 19:00:10.810810812,Keyboard,Delhi,2,25495,Accessories,50990,6568.43
ORD0715,2025-09-18 03:44:51.891891892,Smartwatch,Pune,3,17477,Wearables,52431,12437.74
ORD0716,2025-09-18 12:29:32.972972972,Smartwatch,Tirupati,4,35042,Wearables,140168,38398.18
ORD0717,2025-09-18 21:14:14.054054056,Headphones,Tirupati,4,11151,Accessories,44604,10744.64
ORD0718,2025-09-19 05:58:55.135135136,Keyboard,Chennai,2,79431,Accessories,158862,37078.48
ORD0719,2025-09-19 14:43:36.216216216,Smartwatch,Hyderabad,1,17215,Wearables,17215,4227.67
ORD0720,2025-09-19 23:28:17.297297296,Keyboard,Bengaluru,2,44909,Accessories,89818,16374.91
ORD0721,2025-09-20 08:12:58.378378380,Smartphone,Pune,3,24806,Electronics,74418,20265.33
ORD0722,2025-09-20 16:57:39.459459460,Headphones,Chennai,4,19586,Accessories,78344,9773.89
ORD0723,2025-09-21 01:42:20.540540540,Keyboard,Kochi,2,14876,Accessories,29752,3213.96
ORD0724,2025-09-21 10:27:01.621621624,Laptop,Hyderabad,1,61850,Electronics,61850,8832.92
ORD0725,2025-09-21 19:11:42.702702704,Laptop,Hyderabad,2,71925,Electronics,143850,28330.83
ORD0726,2025-09-22 03:56:23.783783784,Mouse,Pune,5,37136,Accessories,185680,35710.65
ORD0727,2025-09-22 12:41:04.864864864,Headphones,Mumbai,1,52149,Accessories,52149,13586.47
ORD0728,2025-09-22 21:25:45.945945948,Headphones,Bengaluru,3,35110,Accessories,105330,17801.31
ORD0729,2025-09-23 06:10:27.027027028,Mouse,Hyderabad,4,10558,Accessories,42232,7878.62
ORD0730,2025-09-23 14:55:08.108108108,Keyboard,Pune,2,75137,Accessories,150274,12463.86
ORD0731,2025-09-23 23:39:49.189189188,Headphones,Pune,1,78533,Accessories,78533,13361.81
ORD0732,2025-09-24 08:24:30.270270272,Laptop,Chennai,5,70694,Electronics,353470,78650.73
ORD0733,2025-09-24 17:09:11.351351352,Laptop,Kochi,1,77417,Electronics,77417,6457.49
ORD0734,2025-09-25 01:53:52.432432432,Smartwatch,Mumbai,5,64700,Wearables,323500,45870.37
ORD0735,2025-09-25 10:38:33.513513516,Smartphone,Bengaluru,3,47119,Electronics,141357,17775.7
ORD0736,2025-09-25 19:23:14.594594596,Headphones,Tirupati,4,17654,Accessories,70616,6301.55
ORD0737,2025-09-26 04:07:55.675675676,Keyboard,Delhi,3,20039,Accessories,60117,11147.93
ORD0738,2025-09-26 12:52:36.756756756,Mouse,Kochi,2,60558,Accessories,121116,14531.39
ORD0739,2025-09-26 21:37:17.837837840,Mouse,Kochi,1,62568,Accessories,62568,15233.93
ORD0740,2025-09-27 06:21:58.918918920,Keyboard,Chennai,5,77813,Accessories,389065,103702.99
ORD0741,2025-09-27 15:06:40.000000000,Tablet,Tirupati,5,30873,Electronics,154365,30877.44
ORD0742,2025-09-27 23:51:21.081081080,Monitor,Hyderabad,1,33654,Electronics,33654,9960.76
ORD0743,2025-09-28 08:36:02.162162164,Smartphone,Hyderabad,1,6531,Electronics,6531,1169.74
ORD0744,2025-09-28 17:20:43.243243244,Mouse,Chennai,2,72475,Accessories,144950,27966.8
ORD0745,2025-09-29 02:05:24.324324324,Headphones,Pune,3,23285,Accessories,69855,20790.8
ORD0746,2025-09-29 10:50:05.405405408,Smartphone,Hyderabad,5,79428,Electronics,397140,52001.77
ORD0747,2025-09-29 19:34:46.486486488,Headphones,Mumbai,2,29169,Accessories,58338,16764.01
ORD0748,2025-09-30 04:19:27.567567568,Tablet,Bengaluru,3,2782,Electronics,8346,746.33
ORD0749,2025-09-30 13:04:08.648648648,Laptop,Kochi,2,35124,Electronics,70248,12518.55
ORD0750,2025-09-30 21:48:49.729729732,Smartphone,Kochi,5,48938,Electronics,244690,23343.62
ORD0751,2025-10-01 06:33:30.810810812,Smartwatch,Mumbai,1,68034,Wearables,68034,16357.53
ORD0752,2025-10-01 15:18:11.891891892,Mouse,Tirupati,1,32205,Accessories,32205,6887.04
ORD0753,2025-10-02 00:02:52.972972972,Smartphone,Hyderabad,3,38744,Electronics,116232,27367.93
ORD0754,2025-10-02 08:47:34.054054056,Smartphone,Kochi,4,75464,Electronics,301856,49017.09
ORD0755,2025-10-02 17:32:15.135135136,Smartphone,Delhi,3,37937,Electronics,113811,18356.12
ORD0756,2025-10-03 02:16:56.216216216,Monitor,Tirupati,4,78372,Electronics,313488,28204.59
ORD0757,2025-10-03 11:01:37.297297300,Smartphone,Bengaluru,2,75378,Electronics,150756,23666.87
ORD0758,2025-10-03 19:46:18.378378380,Headphones,Bengaluru,2,73482,Accessories,146964,41802.95
ORD0759,2025-10-04 04:30:59.459459460,Laptop,Kochi,5,51083,Electronics,255415,41742.43
ORD0760,2025-10-04 13:15:40.540540540,Tablet,Chennai,4,38892,Electronics,155568,40898.97
ORD0761,2025-10-04 22:00:21.621621624,Keyboard,Tirupati,5,7961,Accessories,39805,10560.73
ORD0762,2025-10-05 06:45:02.702702704,Smartphone,Kochi,1,11016,Electronics,11016,1785.84
ORD0763,2025-10-05 15:29:43.783783784,Mouse,Chennai,4,79785,Accessories,319140,69903.63
ORD0764,2025-10-06 00:14:24.864864864,Smartphone,Kochi,3,18014,Electronics,54042,5457.26
ORD0765,2025-10-06 08:59:05.945945948,Mouse,Delhi,1,36768,Accessories,36768,3780.09
ORD0766,2025-10-06 17:43:47.027027028,Headphones,Tirupati,1,37288,Accessories,37288,3382.2
ORD0767,2025-10-07 02:28:28.108108108,Mouse,Pune,3,76249,Accessories,228747,47538.96
ORD0768,2025-10-07 11:13:09.189189188,Smartwatch,Bengaluru,1,61549,Wearables,61549,10693.25
ORD0769,2025-10-07 19:57:50.270270272,Keyboard,Kochi,4,62993,Accessories,251972,50537.3
ORD0770,2025-10-08 04:42:31.351351352,Laptop,Delhi,5,36527,Electronics,182635,35547.36
ORD0771,2025-10-08 13:27:12.432432432,Mouse,Chennai,1,43349,Accessories,43349,6807.73
ORD0772,2025-10-08 22:11:53.513513516,Mouse,Chennai,4,18358,Accessories,73432,16819.17
ORD0773,2025-10-09 06:56:34.594594596,Laptop,Bengaluru,2,79503,Electronics,159006,39253.88
ORD0774,2025-10-09 15:41:15.675675676,Keyboard,Mumbai,4,52895,Accessories,211580,17607.31
ORD0775,2025-10-10 00:25:56.756756756,Smartphone,Kochi,5,40258,Electronics,201290,25280.68
ORD0776,2025-10-10 09:10:37.837837840,Mouse,Tirupati,4,54812,Accessories,219248,51942.46
ORD0777,2025-10-10 17:55:18.918918920,Laptop,Hyderabad,3,69170,Electronics,207510,34250.86
ORD0778,2025-10-11 02:40:00.000000000,Smartwatch,Chennai,5,15934,Wearables,79670,17985.22
ORD0779,2025-10-11 11:24:41.081081080,Smartwatch,Tirupati,2,64547,Wearables,129094,20181.5
ORD0780,2025-10-11 20:09:22.162162164,Headphones,Tirupati,3,48275,Accessories,144825,24036.05
ORD0781,2025-10-12 04:54:03.243243244,Laptop,Pune,4,76269,Electronics,305076,35056.09
ORD0782,2025-10-12 13:38:44.324324324,Headphones,Tirupati,5,67177,Accessories,335885,45952.7
ORD0783,2025-10-12 22:23:25.405405408,Smartwatch,Tirupati,2,46234,Wearables,92468,19713.31
ORD0784,2025-10-13 07:08:06.486486488,Keyboard,Pune,3,41103,Accessories,123309,21615.56
ORD0785,2025-10-13 15:52:47.567567568,Smartphone,Chennai,2,77208,Electronics,154416,38657.52
ORD0786,2025-10-14 00:37:28.648648648,Laptop,Tirupati,4,69303,Electronics,277212,74173.25
ORD0787,2025-10-14 09:22:09.729729732,Tablet,Mumbai,2,39832,Electronics,79664,15866.06
ORD0788,2025-10-14 18:06:50.810810812,Smartwatch,Mumbai,1,21812,Wearables,21812,5383.61
ORD0789,2025-10-15 02:51:31.891891892,Smartwatch,Delhi,3,44679,Wearables,134037,19773.0
ORD0790,2025-10-15 11:36:12.972972972,Tablet,Pune,2,71942,Electronics,143884,24646.42
ORD0791,2025-10-15 20:20:54.054054056,Monitor,Delhi,4,40879,Electronics,163516,38722.4
ORD0792,2025-10-16 05:05:35.135135136,Smartwatch,Pune,4,17797,Wearables,71188,11743.65
ORD0793,2025-10-16 13:50:16.216216216,Mouse,Kochi,2,2511,Accessories,5022,1051.96
ORD0794,2025-10-16 22:34:57.297297300,Keyboard,Kochi,4,44514,Accessories,178056,21505.96
ORD0795,2025-10-17 07:19:38.378378380,Laptop,Tirupati,5,12238,Electronics,61190,12969.2
ORD0796,2025-10-17 16:04:19.459459460,Tablet,Hyderabad,5,47998,Electronics,239990,64685.23
ORD0797,2025-10-18 00:49:00.540540540,Mouse,Kochi,5,11620,Accessories,58100,15750.95
ORD0798,2025-10-18 09:33:41.621621624,Tablet,Hyderabad,1,9267,Electronics,9267,2218.11
ORD0799,2025-10-18 18:18:22.702702704,Laptop,Kochi,2,23352,Electronics,46704,11398.85
ORD0800,2025-10-19 03:03:03.783783784,Headphones,Bengaluru,1,79739,Accessories,79739,16166.61
ORD0801,2025-10-19 11:47:44.864864864,Laptop,Kochi,4,1429,Electronics,5716,1192.51
ORD0802,2025-10-19 20:32:25.945945948,Monitor,Delhi,1,77987,Electronics,77987,8532.02
ORD0803,2025-10-20 05:17:07.027027028,Laptop,Chennai,4,17938,Electronics,71752,12746.67
ORD0804,2025-10-20 14:01:48.108108108,Laptop,Tirupati,4,49015,Electronics,196060,35128.22
ORD0805,2025-10-20 22:46:29.189189188,Monitor,Delhi,3,6244,Electronics,18732,5448.57
ORD0806,2025-10-21 07:31:10.270270272,Keyboard,Chennai,5,42917,Accessories,214585,37517.85
ORD0807,2025-10-21 16:15:51.351351352,Smartwatch,Mumbai,4,7569,Wearables,30276,6081.1
ORD0808,2025-10-22 01:00:32.432432432,Laptop,Delhi,3,42859,Electronics,128577,25370.21
ORD0809,2025-10-22 09:45:13.513513516,Monitor,Mumbai,5,20299,Electronics,101495,22337.79
ORD0810,2025-10-22 18:29:54.594594596,Mouse,Hyderabad,4,70688,Accessories,282752,69164.31
ORD0811,2025-10-23 03:14:35.675675676,Headphones,Hyderabad,4,8097,Accessories,32388,4194.54
ORD0812,2025-10-23 11:59:16.756756756,Headphones,Bengaluru,1,47593,Accessories,47593,9343.43
ORD0813,2025-10-23 20:43:57.837837840,Laptop,Kochi,1,37726,Electronics,37726,9872.97
ORD0814,2025-10-24 05:28:38.918918920,Keyboard,Delhi,5,72627,Accessories,363135,66048.9
ORD0815,2025-10-24 14:13:20.000000000,Keyboard,Mumbai,4,77862,Accessories,311448,43995.35
ORD0816,2025-10-24 22:58:01.081081080,Mouse,Chennai,2,26917,Accessories,53834,12060.75
ORD0817,2025-10-25 07:42:42.162162164,Laptop,Hyderabad,1,19193,Electronics,19193,5013.76
ORD0818,2025-10-25 16:27:23.243243244,Headphones,Kochi,5,53661,Accessories,268305,25191.39
ORD0819,2025-10-26 01:12:04.324324324,Keyboard,Hyderabad,4,2669,Accessories,10676,2678.54
ORD0820,2025-10-26 09:56:45.405405408,Laptop,Chennai,4,22552,Electronics,90208,23522.87
ORD0821,2025-10-26 18:41:26.486486488,Tablet,Kochi,2,72349,Electronics,144698,26267.76
ORD0822,2025-10-27 03:26:07.567567568,Keyboard,Kochi,5,74351,Accessories,371755,110161.13
ORD0823,2025-10-27 12:10:48.648648648,Monitor,Mumbai,4,8536,Electronics,34144,8641.02
ORD0824,2025-10-27 20:55:29.729729732,Tablet,Mumbai,1,32278,Electronics,32278,8076.14
ORD0825,2025-10-28 05:40:10.810810812,Smartwatch,Delhi,2,28234,Wearables,56468,13807.81
ORD0826,2025-10-28 14:24:51.891891892,Keyboard,Delhi,5,23673,Accessories,118365,13391.08
ORD0827,2025-10-28 23:09:32.972972972,Headphones,Pune,2,30903,Accessories,61806,7898.24
ORD0828,2025-10-29 07:54:14.054054056,Smartphone,Tirupati,1,66821,Electronics,66821,12166.62
ORD0829,2025-10-29 16:38:55.135135136,Tablet,Pune,5,72175,Electronics,360875,49829.97
ORD0830,2025-10-30 01:23:36.216216216,Smartwatch,Bengaluru,2,6844,Wearables,13688,2345.48
ORD0831,2025-10-30 10:08:17.297297300,Mouse,Hyderabad,3,19300,Accessories,57900,15949.26
ORD0832,2025-10-30 18:52:58.378378380,Mouse,Delhi,1,25872,Accessories,25872,6761.7
ORD0833,2025-10-31 03:37:39.459459460,Headphones,Mumbai,1,62016,Accessories,62016,13557.24
ORD0834,2025-10-31 12:22:20.540540540,Keyboard,Chennai,1,21038,Accessories,21038,5654.73
ORD0835,2025-10-31 21:07:01.621621624,Laptop,Mumbai,3,64418,Electronics,193254,48783.09
ORD0836,2025-11-01 05:51:42.702702704,Keyboard,Hyderabad,3,15473,Accessories,46419,8094.39
ORD0837,2025-11-01 14:36:23.783783784,Headphones,Pune,4,71655,Accessories,286620,35608.04
ORD0838,2025-11-01 23:21:04.864864864,Mouse,Mumbai,2,60000,Accessories,120000,23174.91
ORD0839,2025-11-02 08:05:45.945945948,Keyboard,Tirupati,4,37075,Accessories,148300,35884.2
ORD0840,2025-11-02 16:50:27.027027028,Mouse,Bengaluru,2,42761,Accessories,85522,15052.92
ORD0841,2025-11-03 01:35:08.108108108,Tablet,Hyderabad,3,28216,Electronics,84648,19188.84
ORD0842,2025-11-03 10:19:49.189189188,Smartwatch,Pune,3,3736,Wearables,11208,1129.23
ORD0843,2025-11-03 19:04:30.270270272,Laptop,Tirupati,4,16348,Electronics,65392,15992.34
ORD0844,2025-11-04 03:49:11.351351352,Tablet,Chennai,5,2852,Electronics,14260,3690.45
ORD0845,2025-11-04 12:33:52.432432432,Mouse,Pune,4,2432,Accessories,9728,2290.99
ORD0846,2025-11-04 21:18:33.513513516,Mouse,Kochi,2,76949,Accessories,153898,45061.02
ORD0847,2025-11-05 06:03:14.594594596,Smartphone,Tirupati,4,9056,Electronics,36224,9485.74
ORD0848,2025-11-05 14:47:55.675675676,Smartphone,Tirupati,1,5998,Electronics,5998,1671.53
ORD0849,2025-11-05 23:32:36.756756756,Tablet,Bengaluru,2,76618,Electronics,153236,43731.35
ORD0850,2025-11-06 08:17:17.837837840,Monitor,Hyderabad,2,50598,Electronics,101196,25936.19
ORD0851,2025-11-06 17:01:58.918918920,Tablet,Chennai,5,64886,Electronics,324430,74079.36
ORD0852,2025-11-07 01:46:40.000000000,Smartphone,Bengaluru,3,10069,Electronics,30207,2454.56
ORD0853,2025-11-07 10:31:21.081081080,Mouse,Pune,2,57382,Accessories,114764,20942.33
ORD0854,2025-11-07 19:16:02.162162164,Headphones,Bengaluru,3,70893,Accessories,212679,43738.65
ORD0855,2025-11-08 04:00:43.243243244,Tablet,Tirupati,4,840,Electronics,3360,493.54
ORD0856,2025-11-08 12:45:24.324324324,Mouse,Hyderabad,1,44449,Accessories,44449,6666.59
ORD0857,2025-11-08 21:30:05.405405408,Headphones,Delhi,5,62943,Accessories,314715,91725.28
ORD0858,2025-11-09 06:14:46.486486488,Headphones,Bengaluru,3,74527,Accessories,223581,61747.79
ORD0859,2025-11-09 14:59:27.567567568,Smartphone,Kochi,2,638,Electronics,1276,340.46
ORD0860,2025-11-09 23:44:08.648648648,Tablet,Bengaluru,3,858,Electronics,2574,435.84
ORD0861,2025-11-10 08:28:49.729729732,Keyboard,Pune,2,75750,Accessories,151500,12576.57
ORD0862,2025-11-10 17:13:30.810810812,Laptop,Pune,3,31154,Electronics,93462,9126.46
ORD0863,2025-11-11 01:58:11.891891892,Smartphone,Chennai,2,26379,Electronics,52758,7844.23
ORD0864,2025-11-11 10:42:52.972972972,Smartphone,Pune,4,56278,Electronics,225112,18788.62
ORD0865,2025-11-11 19:27:34.054054056,Keyboard,Mumbai,2,38272,Accessories,76544,6412.32
ORD0866,2025-11-12 04:12:15.135135136,Laptop,Hyderabad,2,58978,Electronics,117956,33222.63
ORD0867,2025-11-12 12:56:56.216216216,Mouse,Hyderabad,1,64853,Accessories,64853,15263.47
ORD0868,2025-11-12 21:41:37.297297300,Monitor,Delhi,2,27262,Electronics,54524,8067.93
ORD0869,2025-11-13 06:26:18.378378380,Tablet,Delhi,1,13783,Electronics,13783,1504.85
ORD0870,2025-11-13 15:10:59.459459460,Monitor,Hyderabad,5,64422,Electronics,322110,62025.46
ORD0871,2025-11-13 23:55:40.540540540,Mouse,Kochi,1,39920,Accessories,39920,3240.55
ORD0872,2025-11-14 08:40:21.621621624,Smartwatch,Delhi,4,56068,Wearables,224272,64242.94
ORD0873,2025-11-14 17:25:02.702702704,Smartphone,Chennai,1,20719,Electronics,20719,3548.32
ORD0874,2025-11-15 02:09:43.783783784,Laptop,Pune,5,57669,Electronics,288345,48590.08
ORD0875,2025-11-15 10:54:24.864864864,Smartphone,Hyderabad,4,75465,Electronics,301860,50087.81
ORD0876,2025-11-15 19:39:05.945945948,Headphones,Tirupati,3,47340,Accessories,142020,13527.72
ORD0877,2025-11-16 04:23:47.027027028,Smartphone,Delhi,3,45195,Electronics,135585,29887.12
ORD0878,2025-11-16 13:08:28.108108108,Smartphone,Hyderabad,1,78488,Electronics,78488,18936.08
ORD0879,2025-11-16 21:53:09.189189192,Mouse,Mumbai,1,58842,Accessories,58842,13459.97
ORD0880,2025-11-17 06:37:50.270270272,Mouse,Bengaluru,5,19451,Accessories,97255,10742.38
ORD0881,2025-11-17 15:22:31.351351352,Mouse,Pune,5,1807,Accessories,9035,1873.36
ORD0882,2025-11-18 00:07:12.432432432,Monitor,Hyderabad,2,35928,Electronics,71856,14751.07
ORD0883,2025-11-18 08:51:53.513513516,Headphones,Bengaluru,5,76274,Accessories,381370,103370.48
ORD0884,2025-11-18 17:36:34.594594596,Smartwatch,Delhi,2,39475,Wearables,78950,12901.07
ORD0885,2025-11-19 02:21:15.675675676,Smartwatch,Bengaluru,4,1640,Wearables,6560,1060.93
ORD0886,2025-11-19 11:05:56.756756756,Mouse,Pune,1,25342,Accessories,25342,5475.8
ORD0887,2025-11-19 19:50:37.837837840,Laptop,Hyderabad,4,26921,Electronics,107684,23612.52
ORD0888,2025-11-20 04:35:18.918918920,Monitor,Mumbai,5,2208,Electronics,11040,2023.0
ORD0889,2025-11-20 13:20:00.000000000,Keyboard,Kochi,4,4130,Accessories,16520,2931.85
ORD0890,2025-11-20 22:04:41.081081080,Laptop,Delhi,4,20095,Electronics,80380,15168.71
ORD0891,2025-11-21 06:49:22.162162164,Tablet,Hyderabad,4,76521,Electronics,306084,82468.2
ORD0892,2025-11-21 15:34:03.243243244,Tablet,Pune,5,28808,Electronics,144040,26137.03
ORD0893,2025-11-22 00:18:44.324324324,Laptop,Delhi,4,45289,Electronics,181156,51952.82
ORD0894,2025-11-22 09:03:25.405405408,Mouse,Chennai,2,56190,Accessories,112380,21451.19
ORD0895,2025-11-22 17:48:06.486486488,Keyboard,Bengaluru,5,26586,Accessories,132930,38393.39
ORD0896,2025-11-23 02:32:47.567567568,Keyboard,Kochi,4,17359,Accessories,69436,18277.15
ORD0897,2025-11-23 11:17:28.648648648,Monitor,Pune,5,8184,Electronics,40920,6536.35
ORD0898,2025-11-23 20:02:09.729729732,Keyboard,Chennai,3,1707,Accessories,5121,1382.68
ORD0899,2025-11-24 04:46:50.810810812,Tablet,Tirupati,2,46599,Electronics,93198,9712.53
ORD0900,2025-11-24 13:31:31.891891892,Headphones,Hyderabad,4,67996,Accessories,271984,77110.29
ORD0901,2025-11-24 22:16:12.972972972,Mouse,Mumbai,3,66593,Accessories,199779,43743.92
ORD0902,2025-11-25 07:00:54.054054056,Keyboard,Delhi,3,30189,Accessories,90567,8329.08
ORD0903,2025-11-25 15:45:35.135135136,Monitor,Bengaluru,5,49151,Electronics,245755,54492.85
ORD0904,2025-11-26 00:30:16.216216216,Tablet,Delhi,3,14393,Electronics,43179,12709.07
ORD0905,2025-11-26 09:14:57.297297300,Headphones,Kochi,2,66918,Accessories,133836,12762.08
ORD0906,2025-11-26 17:59:38.378378380,Smartphone,Hyderabad,2,60511,Electronics,121022,24450.23
ORD0907,2025-11-27 02:44:19.459459460,Smartphone,Delhi,1,39135,Electronics,39135,9569.09
ORD0908,2025-11-27 11:29:00.540540540,Headphones,Bengaluru,2,56615,Accessories,113230,29242.43
ORD0909,2025-11-27 20:13:41.621621624,Tablet,Hyderabad,3,78905,Electronics,236715,40488.22
ORD0910,2025-11-28 04:58:22.702702704,Monitor,Delhi,2,73202,Electronics,146404,18288.3
ORD0911,2025-11-28 13:43:03.783783784,Headphones,Mumbai,5,79018,Accessories,395090,35287.58
ORD0912,2025-11-28 22:27:44.864864864,Mouse,Pune,1,73305,Accessories,73305,15213.7
ORD0913,2025-11-29 07:12:25.945945948,Mouse,Hyderabad,3,59454,Accessories,178362,32041.03
ORD0914,2025-11-29 15:57:07.027027028,Smartphone,Pune,1,28564,Electronics,28564,8247.11
ORD0915,2025-11-30 00:41:48.108108108,Keyboard,Tirupati,3,79563,Accessories,238689,22277.58
ORD0916,2025-11-30 09:26:29.189189192,Monitor,Hyderabad,5,2954,Electronics,14770,3408.72
ORD0917,2025-11-30 18:11:10.270270272,Smartphone,Mumbai,1,21378,Electronics,21378,1827.66
ORD0918,2025-12-01 02:55:51.351351352,Keyboard,Pune,4,51598,Accessories,206392,24295.54
ORD0919,2025-12-01 11:40:32.432432432,Keyboard,Chennai,3,62654,Accessories,187962,33793.2
ORD0920,2025-12-01 20:25:13.513513516,Smartwatch,Bengaluru,4,13491,Wearables,53964,9717.4
ORD0921,2025-12-02 05:09:54.594594596,Mouse,Chennai,1,68844,Accessories,68844,15892.92
ORD0922,2025-12-02 13:54:35.675675676,Tablet,Delhi,4,37093,Electronics,148372,41580.79
ORD0923,2025-12-02 22:39:16.756756756,Laptop,Mumbai,4,36804,Electronics,147216,32473.95
ORD0924,2025-12-03 07:23:57.837837840,Tablet,Chennai,1,30886,Electronics,30886,8950.07
ORD0925,2025-12-03 16:08:38.918918920,Laptop,Hyderabad,5,55720,Electronics,278600,76323.99
ORD0926,2025-12-04 00:53:20.000000000,Headphones,Delhi,4,69838,Accessories,279352,58270.02
ORD0927,2025-12-04 09:38:01.081081080,Mouse,Delhi,4,21583,Accessories,86332,22742.8
ORD0928,2025-12-04 18:22:42.162162164,Keyboard,Chennai,5,18854,Accessories,94270,20868.27
ORD0929,2025-12-05 03:07:23.243243244,Monitor,Tirupati,4,22690,Electronics,90760,8829.38
ORD0930,2025-12-05 11:52:04.324324324,Laptop,Chennai,4,6642,Electronics,26568,6454.01
ORD0931,2025-12-05 20:36:45.405405408,Tablet,Tirupati,4,28898,Electronics,115592,11660.9
ORD0932,2025-12-06 05:21:26.486486488,Keyboard,Mumbai,2,52471,Accessories,104942,22111.09
ORD0933,2025-12-06 14:06:07.567567568,Laptop,Bengaluru,5,42362,Electronics,211810,49686.57
ORD0934,2025-12-06 22:50:48.648648648,Laptop,Chennai,4,53910,Electronics,215640,20407.32
ORD0935,2025-12-07 07:35:29.729729732,Smartwatch,Kochi,5,20003,Wearables,100015,13079.44
ORD0936,2025-12-07 16:20:10.810810812,Laptop,Tirupati,3,48956,Electronics,146868,41335.69
ORD0937,2025-12-08 01:04:51.891891892,Monitor,Chennai,3,8516,Electronics,25548,5507.87
ORD0938,2025-12-08 09:49:32.972972972,Mouse,Pune,4,2884,Accessories,11536,1547.93
ORD0939,2025-12-08 18:34:14.054054056,Monitor,Hyderabad,5,62820,Electronics,314100,72855.35
ORD0940,2025-12-09 03:18:55.135135136,Smartphone,Kochi,5,15572,Electronics,77860,16451.1
ORD0941,2025-12-09 12:03:36.216216216,Keyboard,Kochi,5,41010,Accessories,205050,39030.58
ORD0942,2025-12-09 20:48:17.297297300,Mouse,Tirupati,2,49433,Accessories,98866,29141.85
ORD0943,2025-12-10 05:32:58.378378380,Smartwatch,Pune,3,22326,Wearables,66978,15429.04
ORD0944,2025-12-10 14:17:39.459459460,Mouse,Pune,5,68526,Accessories,342630,55710.63
ORD0945,2025-12-10 23:02:20.540540540,Mouse,Delhi,5,26018,Accessories,130090,33305.14
ORD0946,2025-12-11 07:47:01.621621624,Tablet,Tirupati,2,24545,Electronics,49090,13480.52
ORD0947,2025-12-11 16:31:42.702702704,Mouse,Bengaluru,2,51376,Accessories,102752,11050.83
ORD0948,2025-12-12 01:16:23.783783784,Smartwatch,Hyderabad,5,52419,Wearables,262095,32531.67
ORD0949,2025-12-12 10:01:04.864864864,Monitor,Mumbai,1,27603,Electronics,27603,3521.31
ORD0950,2025-12-12 18:45:45.945945948,Mouse,Kochi,5,36688,Accessories,183440,42570.3
ORD0951,2025-12-13 03:30:27.027027028,Headphones,Mumbai,5,6345,Accessories,31725,6746.91
ORD0952,2025-12-13 12:15:08.108108108,Keyboard,Chennai,2,37174,Accessories,74348,16072.41
ORD0953,2025-12-13 20:59:49.189189192,Mouse,Chennai,2,19837,Accessories,39674,11385.25
ORD0954,2025-12-14 05:44:30.270270272,Keyboard,Mumbai,5,22813,Accessories,114065,28596.16
ORD0955,2025-12-14 14:29:11.351351352,Headphones,Chennai,5,27443,Accessories,137215,14839.27
ORD0956,2025-12-14 23:13:52.432432432,Headphones,Bengaluru,5,78449,Accessories,392245,61367.34
ORD0957,2025-12-15 07:58:33.513513516,Keyboard,Pune,2,776,Accessories,1552,272.82
ORD0958,2025-12-15 16:43:14.594594596,Laptop,Chennai,5,51651,Electronics,258255,43157.39
ORD0959,2025-12-16 01:27:55.675675676,Smartphone,Delhi,5,18111,Electronics,90555,20578.43
ORD0960,2025-12-16 10:12:36.756756756,Tablet,Chennai,4,12444,Electronics,49776,13748.95
ORD0961,2025-12-16 18:57:17.837837840,Laptop,Hyderabad,1,53387,Electronics,53387,7865.58
ORD0962,2025-12-17 03:41:58.918918920,Laptop,Bengaluru,3,50347,Electronics,151041,30421.62
ORD0963,2025-12-17 12:26:40.000000000,Monitor,Hyderabad,1,59153,Electronics,59153,15005.35
ORD0964,2025-12-17 21:11:21.081081080,Tablet,Hyderabad,4,57122,Electronics,228488,39201.22
ORD0965,2025-12-18 05:56:02.162162164,Tablet,Delhi,3,28310,Electronics,84930,9935.62
ORD0966,2025-12-18 14:40:43.243243244,Laptop,Bengaluru,5,78342,Electronics,391710,72266.27
ORD0967,2025-12-18 23:25:24.324324324,Mouse,Bengaluru,4,11003,Accessories,44012,4055.66
ORD0968,2025-12-19 08:10:05.405405408,Monitor,Tirupati,5,37476,Electronics,187380,53838.84
ORD0969,2025-12-19 16:54:46.486486488,Monitor,Bengaluru,2,12090,Electronics,24180,2332.42
ORD0970,2025-12-20 01:39:27.567567568,Headphones,Bengaluru,4,11386,Accessories,45544,8036.72
ORD0971,2025-12-20 10:24:08.648648648,Smartwatch,Bengaluru,2,13366,Wearables,26732,5254.81
ORD0972,2025-12-20 19:08:49.729729732,Tablet,Delhi,4,67124,Electronics,268496,79680.71
ORD0973,2025-12-21 03:53:30.810810812,Laptop,Chennai,4,69399,Electronics,277596,32346.82
ORD0974,2025-12-21 12:38:11.891891892,Headphones,Tirupati,2,33292,Accessories,66584,7002.97
ORD0975,2025-12-21 21:22:52.972972972,Keyboard,Hyderabad,3,10264,Accessories,30792,2522.34
ORD0976,2025-12-22 06:07:34.054054056,Smartphone,Bengaluru,1,43227,Electronics,43227,4937.64
ORD0977,2025-12-22 14:52:15.135135136,Smartwatch,Kochi,5,78971,Wearables,394855,49593.81
ORD0978,2025-12-22 23:36:56.216216216,Smartwatch,Chennai,4,8568,Wearables,34272,7496.24
ORD0979,2025-12-23 08:21:37.297297300,Smartwatch,Chennai,5,7795,Wearables,38975,5001.88
ORD0980,2025-12-23 17:06:18.378378380,Monitor,Hyderabad,2,41660,Electronics,83320,7041.75
ORD0981,2025-12-24 01:50:59.459459460,Keyboard,Delhi,5,11890,Accessories,59450,15567.34
ORD0982,2025-12-24 10:35:40.540540540,Smartwatch,Mumbai,2,20631,Wearables,41262,6619.71
ORD0983,2025-12-24 19:20:21.621621624,Keyboard,Mumbai,5,76469,Accessories,382345,60339.12
ORD0984,2025-12-25 04:05:02.702702704,Mouse,Chennai,1,15538,Accessories,15538,2277.02
ORD0985,2025-12-25 12:49:43.783783784,Smartwatch,Pune,1,52827,Wearables,52827,15561.89
ORD0986,2025-12-25 21:34:24.864864864,Smartphone,Pune,1,77564,Electronics,77564,9107.98
ORD0987,2025-12-26 06:19:05.945945948,Keyboard,Hyderabad,1,21781,Accessories,21781,6046.68
ORD0988,2025-12-26 15:03:47.027027028,Keyboard,Mumbai,1,54689,Accessories,54689,13721.29
ORD0989,2025-12-26 23:48:28.108108108,Smartphone,Chennai,1,49011,Electronics,49011,4745.52
ORD0990,2025-12-27 08:33:09.189189192,Smartwatch,Delhi,2,9105,Wearables,18210,5409.83
ORD0991,2025-12-27 17:17:50.270270272,Smartphone,Mumbai,4,1881,Electronics,7524,1051.11
ORD0992,2025-12-28 02:02:31.351351352,Keyboard,Chennai,5,67134,Accessories,335670,34133.69
ORD0993,2025-12-28 10:47:12.432432432,Smartphone,Chennai,1,20310,Electronics,20310,5330.34
ORD0994,2025-12-28 19:31:53.513513516,Keyboard,Bengaluru,2,24822,Accessories,49644,11689.6
ORD0995,2025-12-29 04:16:34.594594596,Keyboard,Delhi,2,42369,Accessories,84738,18285.46
ORD0996,2025-12-29 13:01:15.675675676,Mouse,Bengaluru,2,33455,Accessories,66910,7648.87
ORD0997,2025-12-29 21:45:56.756756756,Laptop,Hyderabad,4,61888,Electronics,247552,45863.75
ORD0998,2025-12-30 06:30:37.837837840,Keyboard,Bengaluru,5,10707,Accessories,53535,13475.95
ORD0999,2025-12-30 15:15:18.918918920,Smartwatch,Kochi,4,68128,Wearables,272512,40004.02
ORD1000,2025-12-31 00:00:00.000000000,Headphones,Bengaluru,3,28720,Accessories,86160,12800.94
